Gloss;
#AC;
#ALL;
#ASL;
#BACK;
#BBQ;
#BUS;
#CC;
#CLUB;
#CO;
#CP;
"#DO+""WHAT""";
#DOG;
#EARLY;
#ED;
#FF;
#FIX;
#HA-HA;
#HR;
#IF;
#JOB;
#LAB;
#MW;
#NO;
#OD;
#OFF;
#OK;
#OR;
#PE;
#PIZZA;
#PO;
#REF;
#RR;
#SS;
#TTY;
#TV;
#WHAT;
#WILL;
#WOW;
#YES;
A;
A-LEVEL-ABOVE;
A-LOT;
ABANDON;
ABDOMEN;
ABORTION;
ABOUT;
ABOVE;
ABSENT;
ABSTRACT;
ABUSE;
ACCEPT;
ACCIDENT;
ACCOMPANY;
ACQUIRE;
ACT;
ACT+AGENT;
ACTION;
ADAPT;
ADD;
ADDICTED;
ADDRESS;
ADMIT;
ADULT-TALL;
ADULTERY;
ADVENTUROUS/SNEAKY;
ADVERTISE;
ADVISE/INFLUENCE;
ADVISE/INFLUENCE+AGENT;
AFRAID;
AFTERNOON;
AGAIN;
AGAINST;
AGE-FIVE;
AGE-FOUR;
AGE-ONE;
AGE-TWO;
AGENT;
AGGRESSIVE;
AGREE;
AHEAD;
AIR;
AIR-PUMP;
AIRPLANE;
AIRPLANE+AGENT;
ALARM;
ALCOHOL;
ALGEBRA;
ALL;
ALL-AFTERNOON;
ALL-DAY;
ALL-NIGHT;
ALL-NIGHT-AFTER-MIDNIGHT;
ALL-RIGHT;
ALLERGY;
ALLIGATOR;
ALLOW;
ALMOST;
ALONE;
ALSO;
ALWAYS;
ALWAYS+FOREVER;
AMAZED;
AMBULANCE;
AMONG;
ANALYZE;
AND;
ANGEL;
ANGLE;
ANGRY;
ANIMAL;
ANNOUNCE;
ANSWER;
ANSWER+AGENT;
ANY;
ANY+ONE;
ANY+THING;
ANY+WHERE;
ANYWAY/NOT-MATTER;
APPLAUSE;
APPLE;
APPLY;
APPOINT;
APPOINTMENT;
APPROVE;
APPROVE/VETO;
AREA;
ARGUE;
ARM;
ARM+SHORT-SLEEVE;
AROUND;
ARRIVE;
ART/DESIGN;
ART/DESIGN+AGENT;
ARTICLE;
ASK;
ASSAULT;
ASSIST;
ASSOCIATION;
ASTONISHED;
ASTRAY;
ATTEMPT;
ATTENTION-WAVE;
ATTITUDE;
AUCTION;
AUDIENCE;
AUDIOLOGY;
AUDIOLOGY+AGENT;
AUNT;
AUTHORITY;
AUTUMN;
AVAILABLE;
AVERAGE;
AVOID/FALL-BEHIND;
AWKWARD;
B;
BABY;
BACHELOR;
BACK;
BACKGROUND;
BACKPACK;
BACKSTAB;
BACON;
BAD;
BAD+DREAM;
BADGE;
BAG;
BAKE/OVEN;
BAKING-SPRINKLES;
BALANCE;
BALD;
BALD+ALL-GONE;
BALL;
BALLOON;
BANANA;
BANDAID;
BAPTIST;
BAR;
BARK;
BASEBALL;
BASEMENT;
BASKET;
BASKETBALL;
BAT;
BATH;
BATH+BATHROBE;
BATH+COAT;
BATH+DRESS/CLOTHES;
BATH+fs-TUB;
BATHING-SUIT;
BATHROBE;
BAWL-OUT;
BEACH;
BEANS;
BEAR;
BEARD;
BEAT;
BEAUTIFUL;
BEAUTIFUL+DRESS/CLOTHES;
BEAVER;
BECAUSE;
BECOME;
BECOME-FAT;
BECOME+QUIET;
BED;
BED+BOX/ROOM;
BED+CUSHION;
BEE;
BEER;
BEFORE;
BEFORE_2+SCHOOL;
BEG;
BEG+AGENT;
BEHAVIOR;
BEHIND;
BELL;
BELONG;
BELOW;
BELT;
BENEFIT;
BERRY;
BEST;
BEST-FRIEND;
BET;
BETTER;
BETWEEN/SHARE;
BETWEEN/SHARE+AGENT;
BICYCLE;
BIG;
BIG-HEADED;
BIKE-PUMP;
BILL/OWE;
BILLIARDS;
BILLION;
BIND/TIE-UP;
BIOLOGY;
BIRD;
BIRD+PECK;
BIRTH;
BIRTHDAY;
BISON/BUFFALO;
BITE;
BITE-NAILS;
BITTER;
BLACK;
BLACK-OUT;
BLACK+BERRY;
BLAME;
BLANK-OUT;
BLANKET;
BLESS;
BLIND;
BLINDFOLD;
BLINDS;
BLINK/WINK;
BLOCK;
BLOND;
BLOOD;
BLOSSOM;
BLOUSE;
BLOW-NOSE;
BLOW-UP;
BLUE;
BLUE+BERRY;
BLUSH;
BLUSH-BRUSH;
BOARD;
BOAT;
BODY;
BOIL;
BOMB;
BONE;
BOOK;
BOOK-PAGE;
BOOT;
BORE;
BORN;
BORROW;
BOSS;
BOSS+LOWERCASE/TINY;
BOTH;
BOTHER;
BOTTLE;
BOWEL-MOVEMENT;
BOWL;
BOWLING;
BOWLING-STRIKE;
BOWTIE;
BOX;
BOX/ROOM;
BOXING;
BOY;
BOY_2+CORRECT;
BOY_2+CORRECT+LAW;
BOY_3+MARRY;
BOY+BABY;
"BOY+DCL""round flat""";
BOY+FRIEND;
"BPCL:B""tapping foot""";
BRA;
BRA+UNDERPANTS;
BRACELET;
BRAG;
BRAKE;
BRAVE/RECOVER;
BRAWL;
BREAD;
"BREAD+DCL""rounded rectangle""";
BREAK;
BREAK-DOWN;
BREAK-DOWN-BUILDING;
BREASTS;
BREATHE;
BRIDGE;
BRING;
BROKE;
BROOM;
BROTHER;
BROWN;
BRUSH-TEETH;
BUCKET;
BUG;
BUILD;
BUILDING;
BULL;
BURY;
BUSINESS;
BUSY;
BUT;
BUTTER;
BUTTERFLY;
BUTTON;
BUY;
BUY+AGENT;
C;
CABBAGE;
CABINET;
CAESAREAN-SECTION;
CAFETERIA;
CAKE;
CALCULATOR;
CALCULUS;
CALENDAR;
CALL-BY-PHONE;
CALL-ON-RELAY/VRS;
CALM-DOWN;
CAMERA;
CAMERA-FLASH;
CAMP;
CAN;
CANCEL/CRITICIZE;
CANDLE;
CANDY;
CANE;
CANNOT;
CAPITAL-LETTER;
CAPTIONS;
CAR;
CAR-HORN;
"CAR+DCL:1""speedometer""";
"CAR+DCL""long flat surface""";
CAR+ENGINE;
CAR+TRUNK;
CARDIGAN;
CARE;
CARE+AGENT;
CARELESS;
CARPENTER;
CARROT;
CARRY;
CARRY-SUITCASE;
CASHIER;
CASHIER+AGENT;
CAT;
CAT+fs-UP;
CATCH;
CATCH-BALL;
CATERPILLAR;
CATHOLIC;
CAUSE;
CEILING;
CELEBRATE;
CELEBRATE+IX-honorific:upward;
CENT+EIGHT;
CENT+FIVE;
CENT+ONE;
CENT+TEN;
CENT+TWENTY-FIVE;
CENTER;
CENTER+ns-AMERICA;
CEREAL;
CERTIFY;
CHAIN/OLYMPICS;
CHALK;
CHALLENGE;
CHAMP;
CHANCE;
CHANGE;
CHANNEL;
CHAPTER;
CHARACTER;
CHARACTERISTIC;
CHASE;
CHAT;
CHEAP;
CHEAT;
CHECK;
CHECK_LIST;
CHECKERS;
CHECKING-ACCOUNT;
CHEESE;
CHEMISTRY;
CHERISH;
CHERRY;
CHEST;
CHEW;
CHILD;
CHIN;
CHOCOLATE;
CHOKE;
CHOOSE;
CHRIST;
CHRISTMAS;
CHURCH;
CIGAR;
CIGARETTE;
CIRCLE;
CIRCUMCISE;
CITY/COMMUNITY;
CLASS;
CLASS+BOX/ROOM;
CLEAR;
CLEVER;
CLIMB;
CLIMBING-ROCKS;
CLIP-NAILS;
CLOSE;
CLOSE-DOOR;
CLOSE-WINDOW;
CLOWN;
COACH;
COAT;
COCAINE;
COCONUT;
COFFEE;
COINS/CHANGE;
COLD;
COLD+DOOR;
COLLAPSE;
COLLAR;
COLLECT;
COLLEGE;
COLOR;
COMB;
COME;
COME-ON;
COMFORTABLE;
COMMITTEE;
COMMON-SENSE;
COMMUNICATE;
COMMUNICATE+MISCOMMUNICATE;
COMMUNIST;
COMMUTE;
COMPARE;
COMPETITION;
COMPLAIN/OBJECT;
COMPLICATED;
COMPUTER;
CONCEPT;
CONCERN;
CONCLUSION;
CONDUCT-MUSIC;
CONDUCTOR;
CONFIDENT;
CONFIDENTIAL;
CONFLICT/INTERSECTION;
CONFRONT;
CONFUSE;
CONGRATULATIONS;
CONSTITUTION;
CONTACT;
CONTACT-LENSES;
CONTINUE;
CONVINCE;
COOK/KITCHEN;
COOK/KITCHEN+AGENT;
COOK/KITCHEN+BOX/ROOM;
COOKIE;
COOKING;
COOL;
COOPERATE/UNITE;
COP;
COP+RESEARCH;
COPY;
COPY-DOWN;
CORN;
CORNER;
CORRECT;
CORRESPOND;
COUCH;
COUGH;
COUNT;
COUNTRY;
COURSE;
COURT;
COURT+AGENT;
COURT+BOX/ROOM;
COURT+HOUSE;
COUSIN;
COVER;
COW;
CRACK;
CRACKER/PASSOVER;
CRASH;
CRAWL;
CRAZY;
CREAM;
CREATE/PRETEND;
CREDIT-CARD;
CRIPPLE;
CROSS;
CROSS-MY-HEART;
CROWDED;
CROWN;
"CROWN+DCL:4""coronet""";
CRUEL;
CRUSH;
CRY;
CUBED;
CULTURE;
CUP;
CURIOUS;
CURLY;
CURRICULUM;
CURSE;
CURTAIN;
CURVE;
CUSHION;
CUSTOMER;
CUT;
CUT-FABRIC;
CUT-WITH-SCISSORS;
CUTE;
"CUTE+DCL""cane""";
CYCLE;
D;
DANCE;
DANGER;
DARE;
DARK;
DARTS;
DASH-LINES;
DATE/DESSERT;
DAUGHTER;
DAY;
"DCL:1""speedometer""";
"DCL:crvd-5""tall wide cylindrical object""";
"DCL:crvd-5""tall wide cylindrical object""+HANDLE";
"DCL:crvd-V""couch shaped object""";
"DCL""can""+ICL""open can""";
"DCL""flat stack""";
"DCL""long stringed hanging object""";
"DCL""pile""";
"DCL""rough surface""";
"DCL""steam rising""";
"DCL""T""+VOLUNTEER/SHIRT";
"DCL""thick strip""";
"DCL""thin cylindrical object""";
DEAF;
DEAF-APPLAUSE;
DEAL-CARDS;
DECIDE;
DECONSTRUCT;
DECORATE;
DECREASE;
DEEP;
DEER;
DEFEND;
DEFLATE;
DELETE;
DELICIOUS;
DEMOCRAT;
DENTIST;
DENY;
DEPARTMENT;
DEPEND;
DEPOSIT;
DEPRESS;
DESTROY;
DETECTIVE;
DETERIORATE;
DEVELOP;
DEVIL/MISCHIEVOUS;
DEVOUR;
DIAL-ROTARY;
DIALOG;
DIAMOND;
DICTIONARY;
DIE;
DIM;
DIMPLE;
DINNER;
DINNER+BOX/ROOM;
DINOSAUR;
DIPLOMA;
DIRECT;
DIRECT+AGENT;
DIRTY;
DISAGREE;
DISAPPEAR;
DISAPPOINT;
DISCIPLINE;
DISCONNECT;
DISCRIMINATE;
DISCUSS;
DISGUST;
DISH;
DISMISS;
DISTRIBUTE;
DIVE;
DIVE-OFF-BOARD;
DIVIDE;
DIVORCE;
DIZZY;
DO;
DO-DO;
DO-DO+HAPPEN;
DOCTOR;
DOLLAR;
DON'T;
DONKEY;
DONUT;
DOOR;
DOOR+SQUARE;
DOORBELL;
DORM;
DOUBT;
DOWN;
DOWN-TO-EARTH;
DOWNSTAIRS;
DRAGON;
DREAM;
DRESS/CLOTHES;
DRESSER;
DRIBBLE;
DRIBBLE+SHOOT-BASKET;
DRILL;
DRINK;
DRIP;
DRIVE;
DROOL;
DROP;
DROWN;
DRUGS;
DRUMS;
DRUNK;
DRY;
DRY-CEREAL;
DRY+AREA;
DRY+SPIN;
DUCK;
DURING/WHILE;
DUSTING;
DUTY;
DYE;
E;
E-MAIL;
EACH;
EACH+ONE;
EAGLE;
EAR_2/BIRTHDAY;
EAR-HURT;
EAR+EAR-HURT;
EARMUFF;
EARRING;
EARTH;
EARTH+RUMBLE;
EARTH+SPHERE;
EAST;
EASTER;
EASY;
EAT;
EAT-UP;
EAT-WITH-FORK;
EAT+BOX/ROOM;
EAT+BUY;
EAT+MORNING;
EAT+NIGHT;
EAT+NOON;
EAT+SELL;
ECONOMIC;
EDGE/CLIFF;
EFFORT;
EGG;
EGO;
EIGHT;
EIGHT-HOURS;
EIGHT-MONTHS;
EIGHT-WEEKS;
EIGHT+HOUR;
EIGHTEEN;
EIGHTH;
EIGHTH-PLACE;
EIGHTY-EIGHT;
EIGHTY-NINE;
EITHER;
ELASTIC;
ELBOW;
ELBOW-PATCH;
ELECTRIC;
ELECTRIC+AGENT;
ELEMENTARY;
ELEPHANT;
ELEVATOR;
ELEVEN;
EMBARRASS;
EMERGENCY;
EMOTION;
EMOTIONLESS;
EMPHASIZE;
EMPTY/EARLY;
EMPTY/NAKED;
ENCOURAGE;
ENCYCLOPEDIA;
END;
ENERGY;
ENGAGEMENT;
ENGINE;
ENGINEERING+AGENT;
ENOUGH;
ENTER;
ENVIRONMENT;
EPISCOPAL;
EQUAL;
EQUIPMENT;
ERASE;
ERASE-BOARD;
ERECT;
ESCAPE;
ETCETERA;
EVALUATE;
EVENING;
EVERY-FRIDAY;
EVERY-MONDAY;
EVERY-MONTH/RENT;
EVERY-SATURDAY;
EVERY-SUNDAY;
EVERY-THURSDAY;
EVERY-TUESDAY;
EVERY-TWO-YEARS;
EVERY-WEDNESDAY;
EVERY-WEEK;
EVERY-YEAR;
EVERY+THING;
EVERYDAY;
EXACT;
EXAGGERATE;
EXCEED;
EXCITED;
EXCUSE;
EXPAND;
EXPENSIVE;
EXPERIENCE;
EXPERIMENT;
EXPERT;
EXPLAIN;
EXPLOIT;
EXPOSE;
EXPRESS;
EYE-MASK;
EYEBROW;
EYEBROW-FROWN;
EYELASHES;
EYES;
F;
FACE;
FACE+NICE/CLEAN;
FACE+SAME;
FACE+STRONG;
FACIAL-EXPRESSION;
FACULTY;
FAIL;
FALL;
FALL-IN-LOVE;
FALL-INTO-PLACE;
FALSEHOOD;
FAMILY;
FAMOUS;
FANCY;
FANCY+BOX/ROOM;
FANTASY;
FAR;
FARM;
FARM+AGENT;
FASCINATE;
FAST;
FASTING;
FAT;
FATHER;
FATHER+LAW;
FAULT;
FAVORITE/PREFER;
FAX;
FEATHER;
FED-UP/FULL;
FEDERAL;
FEED;
FEEDBACK;
FEEL;
FEEL+DEFLATE;
FEEL+GRIEF;
FEEL+NONE/NOTHING;
FEMALE-COUSIN;
FEMALE-FIGURE;
FENCE;
FERRIS-WHEEL/FAIR;
FEW;
FEW/CLOSE;
FIANCE;
FIFTEEN;
FIFTH;
FIFTH-PLACE;
FIFTY-FIVE;
FIGHT;
FIGURE-OUT;
FILE;
FILL-OUT;
FILTHY;
FINALLY;
FINANCIAL;
FIND/FIND-OUT;
FINE;
FINGER;
FINGERPRINTS;
FINGERS;
FINGERSPELL;
FINISH;
FIRE/BURN;
FIRE/BURN+PLACE;
FIRED;
FIREMAN;
FIRST;
FIRST-IN-LIST;
FIRST-PLACE;
FISH;
FISHING;
FIST;
FIVE;
FIVE_2+HOUR;
FIVE-DOLLARS;
FIVE-HOURS;
FIVE-MONTHS;
FIVE-WEEKS;
FIX;
FLAG;
FLASHLIGHT;
FLAT-TIRE;
FLAT/FLOOR;
FLAT/LEVEL;
FLEXIBLE;
FLIP-FLOP;
FLIP-OVER;
FLIRT;
FLOAT;
FLOW;
FLOWER;
FLUNK;
FLUTE;
FLY-BY-PLANE;
FLY-BY-WINGS;
FLY-KITE;
FOCUS/NARROW;
FOLD;
FOLLOW;
FOOL;
FOOL/DOLL;
FOOL/DOLL+DAY;
FOOT;
FOOTBALL;
FOOTSTEP;
FOR;
FOR-FOR;
FORCE;
FOREHEAD;
FOREIGN;
FOREVER;
FORGET;
FORK;
FORK-IN-ROAD;
FORM;
FORMERLY;
FORTY;
FORTY-FOUR;
FOUNDATION;
FOUNTAIN;
FOUR;
FOUR_2+HOUR;
FOUR-DOLLARS;
FOUR-HOURS;
FOUR-MONTHS;
FOUR-WEEKS;
FOURTEEN;
FOURTH-PLACE;
FOX;
FRACTION;
FRAME;
FRECKLES;
FREE;
FREEZE;
FRESHMAN;
FRIDAY;
FRIEND;
FRIENDLY;
FROG;
FROM;
FROM-NOW-ON;
FRONT;
FRUIT;
FRUSTRATE;
FRUSTRATED/THWARTED;
fs-BEAVER;
fs-BLOUSE;
fs-CHECKERS;
fs-FEATHER;
fs-FEET;
fs-GRAVITY;
fs-HALL;
fs-HELL;
fs-HOLY;
fs-I+PHONE;
fs-ICE+ICE-SKATE;
fs-JELLY;
fs-JELLY+FISH;
fs-JEWELRY;
fs-LAKE;
fs-MAYO;
"fs-MAYO+ICL""spread with knife""";
fs-PICKLE;
fs-REHAB;
fs-TATTOO;
fs-WART;
FULL;
FUN;
FUNCTION;
FUNERAL;
FUNNY;
FURNITURE;
FUTURE;
G;
GAMBLE;
GAME;
GANG;
"GANG+SCL:C""group go together""";
GARAGE/SUBMARINE;
GAS/GAS-UP;
GATE;
GAY;
GENERAL;
GENERATION;
GENERATIONS-AGO;
GEOMETRY;
GET;
GET-BIGGER;
GET-CLOSE;
GET-IN;
GET-ON;
GET-OUT;
GET-RID-OF;
GET-TICKET;
GET-UP;
GHOST;
GIFT;
GIGGLE;
GIRAFFE;
GIRL;
GIRL-SCOUT;
GIRL+BABY;
GIRL+CORRECT;
GIRL+CORRECT+LAW;
GIRL+FRIEND;
GIRL+MARRY;
GIVE;
GIVE-UP;
GLASSES;
GLOBE;
GLORY;
GLOVES;
GLUE;
GO;
GO-AWAY;
GO-BY-BOAT;
GO-OUT;
GO-STEADY;
GO-TO-IT;
GOAL;
GOAT;
GOD;
GOLD/ns-CALIFORNIA;
GOLD/ns-CALIFORNIA+YELLOW;
GOLF;
GONE;
GOOD/THANK-YOU;
GOOD+ENOUGH;
GOOD+LUCKY;
GOOD+MORNING;
GOOD+NIGHT;
GOOSEBUMPS;
GORILLA;
GOSSIP;
GOVERNMENT;
GOVERNMENT+AGENT;
GRAB;
GRAB-CHANCE;
GRAD;
GRADUAL-DECLINE-A-LOT;
GRADUAL-IMPROVE;
GRADUATE;
GRAMMAR;
GRANDFATHER;
GRANDMOTHER;
GRAPES;
GRASS;
GRAY;
GREAT;
GREEDY;
GREEN;
GRIEF;
GRIP;
GROUCHY;
GROUND;
GROUND+AREA;
GROUP;
GROUP/TOGETHER;
GROW;
GROW-UP;
GROW+COLLECT;
GUILTY;
GUITAR;
GUM;
GUN;
GYM;
GYMNASTICS;
H;
HABIT;
HAIR;
HAIR_2+BLOND;
HAIRBRUSH;
HAIRCUT;
HAIRCUT/TRIM;
HAIRCUT+AGENT;
HALF;
HALF-HALF;
HALL;
HALLOWEEN;
HALLUCINATE;
HAMBURGER;
HAMMER;
HAMMER+AGENT;
HANDS;
HANDSOME/ns-HAWAII;
HANG-UP-PHONE;
HANGER;
HANUKKAH;
HAPPEN;
HAPPY;
HAPPY+MOST;
HAPPY+NEW+YEAR;
HARD;
HARD-OF-HEARING;
HARMONICA;
HARP;
HAT;
HATE;
HAVE;
HEAD;
HEAD-COLD;
HEADACHE;
HEADLINE;
HEAR/LISTEN;
HEAR/LISTEN+RUMBLE;
HEAR+NOISE;
HEAR+RUMBLE;
HEAR+SHUT;
HEARING;
HEARING-AID;
HEART;
HEART-BEAT;
HEART+ATTACK;
HEART+HEART-BEAT;
HEAVEN;
HEAVY;
HEIGHT;
HELICOPTER;
HELL;
HELLO;
HELMET;
HELP;
HERE;
HEREDITY;
HIDE;
HIGH;
HIGH-HEELS;
HIGH-ON-DRUGS;
HIGHWAY;
HILL;
HISTORY;
HIT;
HITCHHIKE;
HOCKEY;
HOLD;
HOLY;
HOME;
HOME+WORK;
HOMEWORK;
HONEST;
HONEY/DEAR;
HONEYMOON;
HONOR;
HOPE;
HORSE;
"HORSE+ICL:S""holding moving pole""";
HORSE+RIDE-ON;
HOSPITAL;
HOT;
HOT-SPICY;
HOTEL;
HOUR;
HOUSE;
HOUSE+PAY;
HOW;
HOW-MANY/MANY;
HUG;
HUMBLE;
HUNDRED;
HUNGRY/WISH;
HUNTING;
HURRICANE;
HURRY;
HURT;
HUSBAND;
HYPOCRITE;
I;
I-LOVE-YOU;
ICE-CREAM;
ICE-SKATE;
"ICL:C""pouring over""";
"ICL:F""peeling paint""";
"ICL:S""handling something long and narrow""";
"ICL""peeling an orange""";
"ICL""peeling skin""";
"ICL""peeling with knife""";
"ICL""shaking out""";
"ICL""squeezing small object""";
IDEA;
IDENTIFICATION;
IDENTIFY;
IF;
IGNITION-OFF;
IGNITION-ON;
IGNORE;
ILLEGAL;
IMAGINE;
IMMATURE;
IMPORTANT;
IMPOSSIBLE;
IMPRESS;
IMPRESS-MEMORY;
IMPROVE-A-LOT;
IN;
IN-FIVE-YEARS;
IN-FOUR-YEARS;
IN-THREE-YEARS;
INCLUDE/INVOLVE;
INCOMPETENT;
INCREASE;
INDEPENDENT;
INDIVIDUAL;
INDUSTRY;
INFLATE;
INFORM;
INJECT;
INNOCENT;
INSPIRE;
INSTEAD;
INSTITUTE;
INSULT;
INSURANCE/INFECTION;
INTERCOURSE;
INTERESTING;
INTERESTING+ZERO;
INTERNATIONAL;
INTERNET;
INTERPRET;
INTERPRET+AGENT;
INTERRUPT;
INTERVIEW;
INTRODUCE;
INVEST;
INVITE/HIRE;
IRON-CLOTHES;
IRON-METAL;
ISLAND/INTEREST;
ISOLATED;
IX;
IX-honorific;
J;
JACK-O-LANTERN;
JAW;
JEALOUS;
JELLY;
JELLYFISH;
JEWELRY;
JEWISH;
JOIN;
JUDGE;
JUGGLE;
JUMP;
JUMP-FORWARD;
JUMPROPE;
JUNIOR;
K;
KANGAROO;
KARATE;
KEEP;
KEEP-IN-MIND;
KETCHUP;
KEY;
KICK;
KICK-OFF;
KID;
KIDNEY;
KILL;
KIND;
KINDERGARTEN;
KING;
KING+AREA;
KISS;
KITCHEN;
KITE;
KNEEL;
KNEELING;
KNIFE;
KNOCK;
KNOW;
KNOW-NOTHING;
KNOW-THAT;
KNOW+NEG;
KNOW+THAT;
L;
LABEL;
LACROSSE;
LADDER;
LAID-UP;
LANGUAGE;
LANTERN;
LAP;
LAPTOP;
LAST;
LAST-WEEK;
LAST-YEAR;
LATCH;
LATE;
LATER;
LAUGH;
LAW;
LAW+AGENT;
LAZY;
"LCL:B-L""receive from heaven""+BOOK";
"LCL""path-turn-around""";
LEAD;
LEAD+AGENT;
LEAF;
LEAK;
LEARN;
LEARN+AGENT;
LEATHER;
LEAVE;
LEAVE-THERE;
LECTURE;
LEFT;
LEFT-ARM;
LEG;
LEGAL-RIGHT;
LEGISLATURE;
LEMON;
LEND;
LESBIAN;
LESS;
LESS-THAN;
LETTER/MAIL;
LIBRARY;
LIBRARY+AGENT;
LICENSE;
LICK;
LID;
LIE;
LIE-DOWN;
LIFT;
LIGHT;
LIGHT-FLASH;
LIGHT-MATCH;
LIGHT-WEIGHT;
LIGHT+HOUSE;
LIGHT+LIGHT-ON;
LIGHT+LIGHT-OUT;
LIGHTHOUSE;
LIGHTNING;
LIKE;
LIKE+NEG;
LIMIT;
LINE;
LINE-UP;
LINED-PAPER;
LINGUISTICS;
LION;
LIP/MOUTH;
LIPREAD;
LIPSTICK;
LIST;
LIST-ORDER-IX;
LIST-ORDER-MIDDLE;
LIST-ORDER-PINKY;
LIST-ORDER-RING;
LIST-ORDER-THUMB;
LIST+DO-DO;
LITTLE;
LITTLE-BIT;
LIVE;
LIVE+BOX/ROOM;
LOBSTER;
LOCAL;
LOCK;
LOLLIPOP;
LONELY;
LONG;
LONG-AGO;
LONG-SLEEVE;
LOOK;
LOOK-BY-EYE;
LOOSE;
LORD;
LORD-GOD;
LOSE;
LOSE-COMPETITION;
LOSE-WEIGHT;
LOTION;
LOUDSPEAKER;
LOUSY;
LOW;
LOWERCASE/TINY;
LUCKY;
LUNCH;
LUNGS;
LUTHERAN;
LUTHERAN+AGENT;
M;
MACHINE;
MAD;
MAGAZINE;
MAGIC;
MAGNET;
MAJOR;
MAKE;
MAKE-BUBBLES;
MALE-COUSIN;
MAN;
MANAGE/CONTROL;
MANAGE/CONTROL+AGENT;
MANY;
MARCHING;
MARIJUANA;
MARIONETTE;
MARRY;
MASK;
MATCH;
MATERIAL;
MATH;
MAXIMUM;
MAYBE;
MEASLES;
MEAT;
MEDICAL-PATIENT;
MEDICINE;
MEDITATE;
MEET;
MEETING;
MELON/PUMPKIN;
MELT/SOLVE;
MEMBER;
MEMORIZE;
MENSTRUATE;
MENTAL-SCAR;
MENTALLY-RETARDED;
MERGE/MAINSTREAM;
MESSED-UP;
METAL;
METHOD;
MICROPHONE;
MICROWAVE;
MIDDLE;
MIDDLE+WEST;
MIDNIGHT;
MILITARY;
MILK;
MILK-COW;
MILLION;
MILLION_2+AGENT;
MILLION+AGENT;
MIND;
MIND+BLOW-UP;
MIND+OFF-COURSE;
MINOR;
MINUTE;
MIRROR;
MISCOMMUNICATE;
MISS/ASSUME;
MISTAKE;
MISUNDERSTAND;
MIX-UP;
MODEL;
MOLD;
MONDAY;
MONEY;
MONEY+TRADE;
MONKEY;
MOOCH;
MOON;
MOOSE;
MOP;
MORE;
MORE-THAN;
MORNING;
MOSQUE;
MOSQUITO;
MOST;
MOTHER;
MOTHER+FATHER;
MOTHER+LAW;
MOTIVATE;
MOTIVATE+AGENT;
MOTOR;
MOTORCYCLE;
MOUNTAIN;
MOUSE/FICTION;
MOVE;
MOVE-AROUND;
MOVE-AWAY;
MOVIE;
MOVIE+SQUARE;
MOW;
MUMPS;
MUSEUM;
MUSIC;
MUSIC-RECORD;
MUSIC+AGENT;
MUSIC+GROUP/TOGETHER;
MUSLIM;
MUST;
MUSTACHE;
MYSTERY;
N;
NAB;
NAKED;
NAME;
NAPKIN;
NARROW-STREET;
NATIVE;
NAVY;
NEAR;
NEAT;
NECK;
NECKLACE;
NECKTIE;
NEGATIVE;
NEPHEW;
NERVE/VEIN;
NERVOUS;
NERVY;
NET;
NEUTRAL;
NEVER;
NEW;
NEW+TESTAMENT;
NEXT;
NEXT-TO;
NEXT-WEEK;
NEXT-YEAR;
NEXT+AGENT;
NIBBLE;
NICE/CLEAN;
NIECE;
NIGHT;
NINE;
NINE-MONTHS;
NINE-WEEKS;
NINE+HOUR;
NINETEEN;
NINETY-EIGHT;
NINETY-NINE;
NINETY-SEVEN;
NINTH;
NIPPLES;
NO-PROBLEM;
NOISE;
NOISE+RUMBLE;
NONE;
NONE/NOTHING;
NOON;
NORTH;
NOSE;
NOSE+OPPOSITE;
NOT;
NOT-CARE;
NOT-MIND;
NOT-MY-PROBLEM;
NOT-YET;
NOT+SATISFIED;
NOTHING;
NOTHING-AT-ALL;
NOTICE;
NOW;
NOW+DAY;
ns-#FLA;
ns-#HI;
ns-#KC;
ns-#LA;
ns-#SD;
ns-#SF;
ns-#US;
ns-AFRICA;
ns-AFRICA+ns-AMERICA+AGENT;
ns-AMERICA;
ns-AMERICA+SIGN+LANGUAGE;
ns-AMERICAN-INDIAN;
ns-ARIZONA;
ns-ASIA;
ns-ATHENS;
ns-ATLANTA;
ns-AUSTRALIA;
ns-BALTIMORE;
ns-BANGLADESH;
ns-BELGIUM;
ns-BOSTON;
ns-BRITAIN;
ns-BULGARIA;
ns-BURGER-KING;
ns-CENTRAL-AMERICA;
ns-CHARLOTTE;
ns-CHICAGO;
ns-CHINA;
ns-COKE;
ns-COLOR+fs-DO;
ns-COLORADO;
ns-COLUMBIA;
ns-COSTA-RICA;
ns-DALLAS;
ns-DETROIT;
ns-ECUADOR;
ns-EGYPT;
ns-EL-SALVADOR;
ns-ENGLAND/ENGLISH;
ns-EUROPE;
ns-FORT-WORTH;
ns-FORT-WORTH-DALLAS;
ns-FRANCE;
ns-fs-BEIJING;
ns-fs-CHILE;
ns-fs-COKE;
ns-fs-DALLAS;
ns-fs-JORDAN;
ns-GALLAUDET;
ns-GERMANY;
ns-GOLDENHES;
ns-GREECE;
ns-HAWAII;
ns-HOLLYWOOD;
ns-HOUSTON;
ns-HUNGARY;
ns-INDIA;
ns-IRAQ;
ns-IRELAND;
ns-ISLAND-HAITI;
ns-ISRAEL;
ns-ITALY;
ns-JESUS;
ns-JESUS+AGENT;
ns-JESUS+BOOK;
ns-LINCOLN;
ns-LONDON;
ns-MAINE;
ns-MCDONALD;
ns-MEXICO;
ns-MEXICO/SPAIN;
ns-MIAMI;
ns-MICKEY-MOUSE;
ns-MONTANA;
ns-MOSES;
ns-nat-AMSTERDAM;
ns-nat-AUSTRALIA;
ns-nat-AUSTRIA;
ns-nat-BEIJING;
ns-nat-BOLIVIA;
ns-nat-BOMBAY;
ns-nat-BRAZIL;
ns-nat-CANADA;
ns-nat-CHILE;
ns-nat-CHINA;
ns-nat-CUBA;
ns-nat-DENMARK;
ns-nat-DOMINICAN-REPUBLIC;
ns-nat-DUBLIN;
ns-nat-FINLAND;
ns-nat-GERMANY;
ns-nat-GREECE;
ns-nat-GUATEMALA;
ns-nat-HAMBURG;
ns-nat-HONG-KONG;
ns-nat-HUNGARY;
ns-nat-INDONESIA;
ns-nat-ISTANBUL;
ns-nat-ITALY;
ns-nat-JAMAICA;
ns-nat-JAPAN;
ns-nat-JERUSALEM;
ns-nat-JORDAN;
ns-nat-KOREA;
ns-nat-LEBANON;
ns-nat-MALAYSIA;
ns-nat-MEXICO;
ns-nat-MILAN;
ns-nat-NETHERLANDS;
ns-nat-PAKISTAN;
ns-nat-POLAND;
ns-nat-RUSSIA;
ns-nat-SHANGHAI;
ns-nat-SPAIN;
ns-nat-SRI-LANKA;
ns-nat-THAILAND;
ns-nat-TRINIDAD-AND-TOBAGO;
ns-NETHERLANDS;
ns-NEW-ORLEANS;
ns-NEW-YORK;
ns-NIGERIA;
ns-NORTH-AMERICA;
ns-PARIS;
ns-PEPSI;
ns-PHILADELPHIA;
ns-PINOCCHIO;
ns-PITTSBURGH;
ns-PORTUGAL;
ns-PUERTO-RICO;
ns-QUEBEC;
ns-RICHMOND;
ns-RUSSIA;
ns-SANTA-CLAUS;
ns-SCOTLAND;
ns-SINGAPORE;
ns-SWEDEN;
ns-SWITZERLAND;
ns-TEXAS;
ns-VIETNAM;
ns-WASHINGTON;
ns-WASHINGTON+fs-DC;
NUMBER;
NUN;
NURSE;
NUT;
O;
OBESE;
OBSCURE;
OCEAN;
OCTOPUS;
OF-COURSE;
OFF;
OFFICE;
OFTEN;
OH-I-SEE;
OIL;
OLD;
OLD+#FF;
OLD+AVERAGE;
OLD+FIVE;
OLD+FOUR;
OLD+LESS-THAN;
OLD+ONE;
OLD+TESTAMENT;
OLD+THREE;
OLD+TWO;
ON;
ONCE;
ONCE-IN-A-WHILE;
ONE;
ONE-FOURTH;
ONE-MONTH;
ONE-MORE;
ONE-NIGHT-STAND;
ONE-THIRD;
ONE-WEEK;
ONE+HUNDRED;
ONE+MILLION;
ONE+MORE;
ONE+THOUSAND;
ONION;
OPEN;
OPEN-DOOR;
OPEN-WINDOW;
OPINION;
OPPORTUNITY;
OPPOSITE;
OPPOSITE+AGENT;
OPTION;
ORANGE;
ORBIT;
ORDER;
ORGAN-MUSIC;
ORGANIZATION;
ORTHODOX;
OTHER;
OUT;
OVER/AFTER;
OVERFLOW;
OVERHEAD-PROJECTOR;
OVERLOOK;
OVERWHELMED;
OWL;
P;
PACK;
PADDLE/CANOE;
PAGER;
PAINT;
PAINT+AGENT;
PANCAKE;
PANTS;
PAPER;
PAPER-CHECK/CARD;
PAPER+CLIP;
PAPER+SQUARE;
PARACHUTE;
PARAGRAPH;
PARALLEL;
PARANOID;
PARENTHESES;
PARK;
PARK+DROP-COINS;
PARLIAMENT;
PARTICIPATE;
PARTY;
PASS;
PASS-DOWN;
PASS-OUT;
PAST;
PAST+NIGHT;
PAST+YEAR;
PAT-ON-BACK;
PATIENT;
PATRONIZE/FREQUENT;
PAY;
PAY-ATTENTION;
PAY-IN-FULL;
PAY/SPEND;
PAY+FINISH;
"PCL:5-C-L""crowd""";
"PCL:5""coming in""";
PEA-BRAIN;
PEACH;
PEAK-MOUNTAIN;
PEAR;
PEAS;
PEEK-AROUND;
PENCIL;
PENGUIN;
PENIS;
PEOPLE;
PEOPLE+AUDIENCE;
PERCEIVE;
PERCENT;
PERFECT;
PERFUME;
PERIOD;
PERIOD-ON-PAGE;
PERMIT;
PERSON;
PERSONALITY;
PERSPECTIVE;
PET/SPOILED;
PHONE;
PHONE+PUSH-BUTTONS;
PHYSICAL;
PHYSICS;
PIANO;
PICK/CHOOSE;
PICKLE;
PICNIC;
PICTURE;
PIE;
PIG;
PILGRIM;
PILLOW;
PIMPLES;
PIN;
PINEAPPLE;
PING-PONG/TENNIS;
PINK;
PIPE;
PIRATE;
PISS-OFF;
PITCH-A-BALL;
PITCHER;
PITY;
PIZZA;
PLACE;
PLAN;
PLANT-SEEDS;
PLASTIC;
PLAY;
PLAY-AROUND;
PLAY+AGENT;
PLAY+GROUND;
PLEASE/ENJOY;
PLENTY;
PLUG;
PLUS;
PNEUMONIA;
POCKET;
POEM;
POETRY;
POINT-TO;
POKE;
POLICY;
POLITE;
POLITICS;
PONDER;
POOR;
POP-CORK;
POP-UP;
POPCORN;
POPE;
POSS;
POSTER;
POSTPONE;
POTATO;
POUND/WEIGH;
POUR;
POWER;
POWERFUL;
PRACTICE;
PRAY;
PREACH;
PREACH+AGENT;
PREDICT;
PREDICT+AGENT;
PREGNANT;
PRESBYTERIAN;
PRESIDENT;
PRESS-BUTTONS;
PRESSURE;
PREVENT;
PRICE;
PRIEST;
PRINCE;
PRINCESS;
PRINCIPAL;
PRINT;
PRINT+AGENT;
PRIORITY;
PRISON;
PRISON+AGENT;
PRIZE-DRAWING;
PROBLEM;
PROCEED;
PROFESSION;
PROGRAM;
PROGRESS;
PROJECT;
PROMISCUOUS;
PROMISE;
PROPORTION;
PROTEST;
PROTESTANT;
PROUD;
PROVE;
PSYCHIATRY;
PSYCHIATRY+AGENT;
PSYCHOLOGY;
PSYCHOLOGY+AGENT;
PUFF-SMOKE;
PULL;
PULSATE;
PUMPS;
PUNCH;
PUNISH;
PUPPET;
PURPLE;
PURSE;
PUSH;
PUT;
PUT-ON-GLOVES;
PUT-ON-HEARING-AID;
PUT-ON-RING;
PUZZLE/PUSH-BUTTONS;
Q;
Q-TIP;
QM;
QUADRUPLE;
QUEEN;
QUESTION;
QUIET;
QUINTUPLE;
QUIT;
QUOTE/TOPIC;
R;
RABBI;
RABBIT;
RACCOON;
RADIO;
RAIN;
RAINBOW;
RAKE;
RAM;
RAT;
RATTLE;
READ;
READY;
REALLY;
REALLY+NICE/CLEAN;
REALLY+POSS;
REASON;
RECENT-PAST;
RECLINE/ROCKING-CHAIR;
RECORD;
RECORD/BREAK-RECORD;
RECYCLE;
RED;
RED+BLACK+CHECKERS;
RED+BLOOD;
RED+BLUSH;
"RED+DCL""face""";
RED+fs-BERRY;
RED+SLICE;
REDUCE;
REFER;
REFLECT;
REFUSE;
REGISTER;
REGULAR;
REINS;
REJECT;
RELATIONSHIP;
RELATIONSHIP-OFF;
RELATIVE;
RELAY-OPERATOR;
RELIGION;
REMEMBER;
REMIND;
REMOVE;
RENOVATION+AGENT;
REPAIR;
REPLACE;
REPORT;
REPORT+AGENT;
REPUBLICAN;
REQUEST;
REQUIRE;
RESEARCH;
RESPECT;
RESPONSIBILITY;
REST;
RESTAURANT;
RESTLESS;
RESULT;
RETIRE;
REVENGE;
REVIEW;
RIB;
RIBS;
RICH;
RIDE;
RIDE-ON;
RIFLE;
RIGHT;
RING;
RIP;
RIVER;
ROAD;
ROCK;
ROCKET;
ROLLER-BLADE;
ROLLER-SKATE;
ROLLING;
ROOMMATE;
ROOSTER;
ROPE;
ROUGH;
ROWING;
ROYAL;
RUB;
RUBBER;
RUDE;
RUIN;
RULE;
RUN;
RUN-MACHINE;
RUN-OUT;
RUNNY-NOSE;
S;
SAD;
SAFE;
SAFE_2+AGENT;
SAFE+AGENT;
SAILBOAT;
SALAD;
SALT;
SAME;
SAME-OLD;
SAME-TIME;
SANDWICH;
SARCASM;
SATISFIED;
SATURDAY;
SAUCE;
SAUSAGE/HOT-DOG;
SAVE;
SAVE-MONEY;
SAW;
SAY;
SCARF;
SCHEDULE;
SCHOOL;
SCIENCE;
SCIENCE+AGENT;
"SCL:3""vehicle""+DCL:1""speedometer""";
"SCL:F""small circle""";
"SCL:V""person falling forward""";
"SCL:V""person falling in place""";
"SCL:V""person rolling around""";
"SCL:V""person walking up ladder""";
"SCL:V""person walking""";
SCOLD;
SCOOTER;
SCOUT;
SCRAPE;
SCREAM;
SCREEN/FILTER;
SCREEN/FILTER+WINDOW;
SCREWDRIVER;
SCUBA;
SEARCH-FOR;
SEAT-BELT;
SECOND;
SECOND-IN-LIST;
SECOND-OF-TIME;
SECOND-PLACE;
SECRET;
SECRET+HIDE;
SECRETARY;
SEE;
SEE-SAW;
SEE-SEE;
SEEM;
SELF;
SELL;
SEMESTER;
SENATE;
SEND;
SEND/MAIL;
SENIOR;
SENIOR-CITIZEN;
SENSITIVE;
SENTENCE;
SEPARATE;
SERIOUS;
SERVICE;
SERVICE+AGENT;
SET-UP;
SEVEN;
SEVEN-HOURS;
SEVEN-MONTHS;
SEVEN-WEEKS;
SEVEN+HOUR;
SEVENTEEN;
SEVENTH;
SEVENTY-EIGHT;
SEVENTY-NINE;
SEVENTY-SEVEN;
SEVENTY-SIX;
SEW;
SEX/GENDER;
SHAKE-BY-HANDS;
SHAME;
SHAMPOO;
SHAPE/STATUE;
SHARP;
SHAVE;
SHEARS/SHAVE;
SHEEP;
SHEET-CAKE;
SHELF/FLOOR;
SHH+CONFIDENTIAL;
SHINE;
SHIP;
SHOE;
SHOE-HEEL;
SHOE+HALF-LIMB;
SHOOT;
SHOOT-ARROW;
SHORE;
SHORT;
SHORT-HEIGHT;
SHORT-SLEEVE;
SHORTS;
SHOULD;
SHOVEL/DIG;
SHOW;
SHOW+AGENT;
SHOWER;
SHUT;
SHUT-UP;
SHY;
SICK;
SICK/SILLY;
SIDE;
SIGN;
SIGN+LANGUAGE;
SIGNATURE;
SILLY;
SILVER;
SIMMER;
SIMPLE;
SISTER;
SIT;
"SIT+DCL:crvd-B""couch shaped object""";
SITUATION;
SIX;
SIX-DOLLARS;
SIX-HOURS;
SIX-MONTHS;
SIX-WEEKS;
SIX+HOUR;
SIXTEEN;
SIXTH;
SIXTY-EIGHT;
SIXTY-NINE;
SIXTY-SEVEN;
SIXTY-SIX;
SIZE;
SKI;
SKILL;
SKIN;
SKIRT;
SKUNK;
SKY;
SKYSCRAPER;
SLAVE;
SLEEP;
SLEEP+DRESS/CLOTHES;
SLICE;
SLIDING-DOORS;
SLIM;
SLIPPER;
SLIPPERY;
SLOW;
SMALL;
SMELL;
SMELLY;
SMILE;
SMOKE;
SMOOTH;
SMOOTH-SURFACE;
SNAKE;
SNAKE+WAG;
SNEEZE;
SNOB;
SNORKEL;
SNOW;
SNOW+MOTORCYCLE;
SNOWBOARD;
SNOWMOBILE;
SO-SO;
SOAP;
SOCIAL-WORK;
SOCIAL/INTERACT;
SOCIETY;
SOCKS;
SODA;
SOFT;
SOME;
SOMETHING/ONE;
SOMETIMES;
SON;
SOON;
SOPHISTICATED;
SOPHOMORE;
SORRY;
SOUP;
SOUTH;
SOUTH+ns-AFRICA;
SPAGHETTI;
SPANK;
SPEAKERS;
SPECIAL/EXCEPT;
SPECIALTY;
SPEECH/ORAL;
SPELL;
SPEND;
SPICY;
SPIDER;
SPILL;
SPIN;
SPIT;
SPREAD;
SPRINKLER;
SQUARE;
SQUARED;
SQUIRREL;
STAB;
STAGE;
STAMP;
STAMP-SEAL;
STAND;
STAND-UP;
STAND-UP+ASCEND;
STAR;
START;
STATE;
STATISTICS;
STAY;
STEAL;
STEALTHY;
STEAM;
STEEP;
STEPLADDER;
STEPS;
STICKY;
STILL;
STIMULATE;
STING;
STING-FACE;
STINK;
STIR;
STITCH;
STOMACH;
STOP;
STOPLIGHT;
STORM/CLOUDS;
STORY;
STORY-TELL;
STORY+AGENT;
STRAIGHT;
STRANGE;
STRANGLE;
STRAW;
STRAWBERRY;
STRAY/DEVIATE;
STRICT;
STRING;
STRIP;
STRIP-PAINT;
STRIPES;
STRONG;
STRUCTURE;
STRUGGLE;
STUBBORN;
STUCK;
STUDY;
STUPID;
SUBSCRIBE;
SUBTRACT;
SUBWAY;
SUCCEED;
SUFFER;
SUGAR/SWEET;
SUGGEST;
SUITCASE;
SULK;
SUMMARIZE;
SUMMER;
SUMMON;
SUN;
SUNDAY;
SUNRISE;
SUNSET;
SUNSHINE;
SUPERIOR;
SUPERVISE;
SUPERVISE+AGENT;
SUPPORT;
SUPPORT+AGENT;
SURFACE;
SURGERY;
SURPRISE;
SURROUND;
SUSPECT;
SUSPEND;
SWALLOW;
SWEAR;
SWEAT;
SWEATER;
SWEETHEART;
SWIM;
SWING;
SWITCH;
SYMBOL;
SYSTEM;
T;
TABLE;
TAIL;
TAKE;
TAKE-A-HIKE;
TAKE-ADVANTAGE;
TAKE-BREAK;
TAKE-NOTES;
TAKE-OFF;
TAKE-PICTURE;
TAKE-PILL;
TAKE-SUBWAY;
TAKE-TRAIN;
TAKE-UP;
TALK;
TALK-OVER;
TALK-TO-SELF;
TALL;
TAN;
TANK-TOP;
TAP-DANCE;
TAPE;
TAPE-RECORDING;
TASTE;
TATTLE;
TATTOO;
TEA;
TEACH;
TEACH+AGENT;
TEAM;
TEASE;
TECHNOLOGY+AGENT;
TEENAGER;
TEETH;
TELESCOPE;
TELL;
TEMPERATURE;
TEMPLE;
TEMPT;
TEN;
TEN+EIGHT;
TEND;
TEST;
TEXTING;
THAN;
THANK-YOU+SUGGEST;
THANKSGIVING;
THAT;
THEN;
THEORY;
THEREFORE;
THERMOMETER;
THESE;
THICK;
THIEF;
THIN;
THING;
THINK;
THINK-ABOUT;
THINK-OVER;
THINK+AGREE;
THINK+DECIDE;
THINK+FAITH;
THINK+FOCUS/NARROW;
THINK+GENERAL;
THINK+GRAB-CHANCE;
THINK+MARRY;
THINK+MEAN;
THINK+MESSED-UP;
THINK+MIX-UP;
THINK+OPPOSITE;
THINK+PASS-OUT;
THINK+SHOCK;
THINK+TALK-TO-SELF;
THIRD;
THIRD-IN-LIST;
THIRD-PLACE;
THIRSTY;
THIRTEEN;
THIRTY;
THIRTY-THREE;
THIS-PLACE;
THOUSAND;
THREE;
THREE_2+HOUR;
THREE-FOURTHS;
THREE-HOUR;
THREE-MONTHS;
THREE-MORE;
THREE-WEEKS;
THRILL/WHAT'S-UP;
THROAT;
THROAT-HURT;
THROUGH;
THROW;
THROW-AWAY;
THROW-BALL;
THROW-BASKETBALL;
THROW-SOFTBALL;
THUMB;
THUMBS-UP/GOOD;
THUMBTACK/BUTTON;
THURSDAY;
TICKLE;
TIE;
TIGER;
TIME;
TIME-PERIOD;
"TIME+""WHAT""";
"TIME+DCL""circular object""";
TIPTOE;
TIRED;
TO-FOOL;
TO/UNTIL;
TOAST;
TOBACCO;
TOGETHER/GO-STEADY;
TOILET;
TOMATO;
TOMORROW;
TONGUE;
TOOTH/GLASS;
TOOTHBRUSH;
TOOTHPASTE;
TOP;
TORNADO;
TORTURE;
TOSS;
TOTAL;
TOUCH;
TOUCH-HEART;
TOUGH;
TOURNAMENT;
TOWEL;
TRACE-HEART;
TRADITION;
TRAFFIC;
TRAIN;
TRANSFER;
TRANSLATE;
TRANSPORTATION;
TRAP;
TRASH/BAG;
TRAVEL;
TREAT;
TREE;
"TREE+DCL""branch""";
TRIGONOMETRY;
TRIM;
TRIM-HEDGE;
TRIP;
TRIPLE;
TROMBONE;
TROPHY;
TROUBLE;
TRUMPET;
TRY;
TUESDAY;
TUNNEL;
TURN;
TURN-DOWN;
TURN-PAGE;
TURN+BROTHER;
TURN+FATHER;
TURN+GIRL+CORRECT;
TURN+MOTHER;
TURN+SISTER;
TURTLE;
TUTOR;
TWELVE;
TWENTY;
TWENTY-FIVE;
TWENTY-ONE;
TWENTY-THREE;
TWENTY-TWO;
TWICE;
TWINS;
TWIST;
TWO;
TWO_2+HOUR;
TWO-HOURS;
TWO-MONTHS;
TWO-MORE;
TWO-WEEKS;
TYPE;
TYPEWRITER;
U;
UGLY;
UMBRELLA;
UNCLE;
UNDER;
UNDERPANTS;
UNDERSTAND;
UNDERWEAR/PRECIOUS;
UNIFORM;
UNIVERSE;
UNIVERSITY;
UP;
UP-AHEAD;
UP-TO-NOW;since
UPPER;
UPSET;
UPSIDE-DOWN;
UPSTAIRS;
URGE;
USE;
USE-SIGN-LANGUAGE;
USE+AGENT;
USED-TO;
V;
VACATION;
VACUUM;
VACUUM-UP;
VAGINA;
VAGUE;
VAIN;
VALLEY;
VANILLA;
VARY;
VEGETABLE;
VERY;
VERY-FAST;
VETO/REJECT;
VIBRATE;
VICE-PRESIDENT;
VIDEO-CAMERA;
VIDEOTAPE;
VINEGAR;
VIOLIN;
VIRGIN;
VIRGIN-MARY;
VIRGIN+fs-MARY;
VISIT;
VISIT+AGENT;
VISUALIZE;
VOCABULARY;
VODKA;
VOICE;
VOICE+TEMPERATURE/PITCH;
VOLLEYBALL;
VOLUNTEER/SHIRT;
VOMIT;
VOTE;
W;
WAG;
WAIST;
WAIT;
WAIT-A-MINUTE;
WAKE-UP;
WALK;
WALL;
WALLET;
WANT;
WANT+NEG;
WAR;
WARM;
WARN;
WASH;
WASH-DISH;
WASH-FACE;
WASH-HANDS;
WASH+DISH;
WASHING-MACHINE;
WASHING-MACHINE+SOAP;
WASTE;
WATCH;
WATER;
WATER-PUMP;
WATER-RISE;
"WATER+BCL""drinking from a water fountain""";
"WATER+DCL""round flat""";
WATER+FLOW;
WATER+MELON/PUMPKIN;
WATER+OCEAN;
WATER+RIVER;
"WATER+SCL:5""waterfall""";
WATER+SPRINKLER;
WATER+WATER-RISE;
WATERMELON;
WAVE-GOODBYE;
WEAK;
WEALTHY;
WEATHER;
WEAVE;
WEDDING;
WEDNESDAY;
WEEKEND;
WELCOME;
WEST;
WET;
WHALE;
WHAT;
WHEEL;
WHEEL+CART;
WHEELBARROW;
WHEELCHAIR;
WHEN;
WHERE;
WHEW/RELIEVED;
WHICH;
WHIP;
WHISKERS;
WHISPER;
WHISTLE;
WHITE;
WHITE+CHALK;
WHITE+FACE;
WHO;
WHY;
WIDE;
WIFE;
WILD;
WILD-ABOUT;
WIN;
WIND;
WINDOW;
WINE;
WINE-BOTTLE;
WINE+POP-CORK;
WISDOM;
WITCH;
WITH;
WITH+NEG;
WOLF;
WOMAN;
WONDER;
WOOD;
WORD;
WORK;
WORK-OUT;
WORKSHOP;
WORLD;
WORM;
WORRY;
WORSE;
WORTH;
WORTH+NEG;
WOW;
WOW/AWFUL;
WRAP;
WRENCH/PLUMBING;
WRESTLE+AGENT;
WRIST;
WRITE;
WRITE+AGENT;
WRONG;
X;
XYLOPHONE;
Y;
YAWN;
YEAR;
YELLOW;
YES;
YESTERDAY;
YOM-KIPPUR;
YOUNG;
Z;
ZERO;
ZIPPER;
ZITS;
FALSO;