Gloss,Number of videos
LOOK,59
DRESS/CLOTHES,19
SAME,18
FIFTH,17
ART/DESIGN,16
EXCUSE,16
INFORM,16
CUTE,15
EAT,15
COLLECT,14
SILLY,14
MACHINE,13
MAN,13
POSS+:i,13
SHOW,13
ADVISE/INFLUENCE,12
AFRAID,12
BIG,12
CANCEL/CRITICIZE,12
COPY,12
DEVIL/MISCHIEVOUS,12
GOVERNMENT,12
GUITAR,12
PAST,12
SHELF/FLOOR,12
AGAIN,11
ANSWER,11
APPOINTMENT,11
CAMP,11
COME,11
COP,11
DRINK,11
DRIP,11
EXPERT,11
FACE,11
FED-UP/FULL,11
GET-TICKET,11
HAPPY,11
INCLUDE/INVOLVE,11
INJECT,11
IX:i,11
LIVE,11
NICE/CLEAN,11
TOUGH,11
VACATION,11
WORK-OUT,11
(U)BOWTIE,10
BLAME,10
BOSS,10
CHAT,10
CITY/COMMUNITY,10
DATE/DESSERT,10
DECREASE,10
DEPRESS,10
DEVELOP,10
DISAPPOINT,10
DISCUSS,10
DOCTOR,10
EMPHASIZE,10
FINGERSPELL,10
FIRE/BURN,10
GO,10
GOLD/ns-CALIFORNIA,10
GROUND,10
IN,10
ISLAND/INTEREST,10
MAD,10
MARRY,10
REPLACE,10
RUN,10
STAND-UP,10
WALK,10
WEEKEND,10
1p-HELP:i,9
A-LOT,9
ACTION,9
APPLAUSE,9
BLANKET,9
BOY_2+CORRECT,9
CONFLICT/INTERSECTION,9
COUNTRY,9
COURT,9
DIPLOMA,9
DISCONNECT,9
DISMISS,9
DOWN,9
DRY,9
EASY,9
EITHER,9
ENTER,9
FLAT-TIRE,9
HAMMER,9
HELLO,9
HIT,9
HOW-MANY/MANY,9
LESS,9
LETTER/MAIL,9
MEDICINE,9
MISUNDERSTAND,9
NINETEEN,9
ns-BOSTON,9
OF-COURSE,9
POSS-1p,9
PROCEED,9
RESEARCH,9
STORY,9
ACT,8
ADULT-TALL,8
AIRPLANE,8
ALLOW,8
ALONE,8
ANY+WHERE,8
ARRIVE,8
AVOID/FALL-BEHIND,8
BEAUTIFUL,8
BELONG,8
BERRY,8
BIG-HEADED,8
BIRD,8
BLUE,8
BOXING,8
BRAVE/RECOVER,8
BUY,8
CALL-ON-RELAY/VRS,8
CAN,8
CANE,8
CAR,8
CARE,8
CAT,8
CERTIFY,8
CHILD,8
COLD,8
COMPETITION,8
CONTINUE,8
DARK,8
DECIDE,8
DISH,8
ENGAGEMENT,8
EXACT,8
FIGHT,8
FILE,8
FULL,8
FUTURE,8
GAS/GAS-UP,8
GHOST,8
GIVE,8
GO-AWAY,8
GOAL,8
GRADUAL-IMPROVE,8
GROW,8
GUILTY,8
HALLOWEEN,8
HANGER,8
HEAD-COLD,8
HOME,8
HURT,8
JEWISH,8
KNIFE,8
LIE,8
LIKE+(1h)NEG,8
LIST,8
LONG-AGO,8
LUNGS,8
MANAGE/CONTROL+AGENT,8
NOT-MIND,8
NOW,8
ns-EGYPT,8
OLD,8
OVER/AFTER,8
PADDLE/CANOE,8
PAINT,8
PING-PONG/TENNIS,8
PLACE,8
PLEASE/(1h)ENJOY,8
PONDER,8
SECOND,8
SELF+:i,8
SHAME,8
SHAPE/STATUE,8
TOGETHER/GO-STEADY,8
TOOTH/GLASS,8
WORK,8
(X)FOOL/DOLL,7
ABUSE,7
ACCIDENT,7
AFTERNOON,7
ANGEL,7
BACHELOR,7
BAR,7
BASKETBALL,7
BOY,7
BROOM,7
BUILD,7
BUILDING,7
CHEAT,7
CHOKE,7
CLIP-NAILS,7
COMB,7
COMPLAIN/OBJECT,7
COMPUTER,7
CONVINCE,7
CORNER,7
"DCL:crvd-V""couch shaped object""",7
DEAF,7
DEPOSIT,7
DOLLAR,7
DRESSER,7
DROP,7
DRUNK,7
EGG,7
ELECTRIC,7
EMBARRASS,7
EMPTY/EARLY,7
EVERY-THURSDAY,7
EXPLAIN,7
FAR,7
FEEL,7
FINALLY,7
FIND/FIND-OUT,7
FINISH,7
FIRST-IN-LIST,7
FLY-BY-PLANE,7
FUNNY,7
GIGGLE,7
HALF,7
HAMBURGER,7
HAPPEN,7
HAVE,7
HEARING,7
HELMET,7
HIGH,7
HOW,7
ILLEGAL,7
INCREASE,7
INSTITUTE,7
IX-1p,7
KEEP,7
KNOW,7
KNOW+(1h)NEG,7
LINE,7
MATCH,7
MERGE/MAINSTREAM,7
MESSED-UP,7
MISS/ASSUME,7
MISTAKE,7
MOP,7
NAB,7
NEAR,7
NOT-YET,7
ns-NETHERLANDS,7
OPTION,7
PROBLEM,7
PULL,7
REGULAR,7
SAME-OLD,7
SAUSAGE/HOT-DOG,7
SECRET,7
SEVENTEEN,7
SPEECH/ORAL,7
STORM/CLOUDS,7
THRILL/WHAT'S-UP,7
THROW,7
TOTAL,7
VAGUE,7
VOLUNTEER/SHIRT,7
VOTE,7
WHISTLE,7
WOMAN,7
#ALL,6
#ASL,6
#DOG,6
#FF,6
ALARM,6
ALL,6
ALL-RIGHT,6
ALSO,6
ANY,6
APPLE,6
APPLY,6
AROUND,6
AVERAGE,6
AWKWARD,6
BAD,6
BANANA,6
BAWL-OUT,6
BECOME,6
BED,6
BEER,6
BEHAVIOR,6
BIRTHDAY,6
BLINK/WINK,6
BORE,6
BOTTLE,6
BOWLING,6
BREAD,6
BREAK-DOWN,6
BRIDGE,6
BROWN,6
CABBAGE,6
CABINET,6
CANNOT,6
CATERPILLAR,6
CELEBRATE,6
CENTER,6
CHAIN/OLYMPICS,6
CHASE,6
CHEAP,6
CHEESE,6
CHEMISTRY,6
CHERISH,6
CHRISTMAS,6
CHURCH,6
CLASS,6
COAT,6
COFFEE,6
COMMUNICATE,6
COOPERATE/UNITE,6
COUGH,6
COUNT,6
COW,6
CRAZY,6
CRUEL,6
CRY,6
DANCE,6
DANGER,6
DEFEND,6
DELICIOUS,6
DEPEND,6
DIRTY,6
DISGUST,6
DIVORCE,6
DOOR,6
DOUBT,6
DROWN,6
EACH+ONE,6
EARTH,6
EAST,6
EAT+MORNING,6
EAT+NIGHT,6
EAT+NOON,6
EIGHTEEN,6
ELEVATOR,6
ENCOURAGE,6
ENOUGH,6
EVERYDAY,6
EXAGGERATE,6
EXCITED,6
EXPENSIVE,6
EXPERIENCE,6
FAIL,6
FALL,6
FAMILY,6
FAT,6
FATHER,6
FEMALE-COUSIN,6
FENCE,6
FINE,6
FIRED,6
FLOWER,6
FOLLOW,6
FOOT,6
FOOTBALL,6
FORCE,6
FORGET,6
FORK,6
FOUR,6
FRECKLES,6
FREE,6
FREEZE,6
FRIDAY,6
FRIEND,6
FUNCTION,6
GAMBLE,6
GAME,6
GENERATION,6
GIFT,6
GIRL,6
GIRL+FRIEND,6
GIVE-UP,6
GLUE,6
GONE,6
GOOD+MORNING,6
GOSSIP,6
GRAB,6
GRAD,6
GRADUATE,6
GRANDFATHER,6
GRANDMOTHER,6
GRASS,6
GREEN,6
HAIRCUT,6
HAIRCUT/TRIM,6
HARD,6
HARD-OF-HEARING,6
HEAD,6
HEARING-AID,6
HEART+ATTACK,6
HEAVY,6
HISTORY,6
HOCKEY,6
HOSPITAL,6
HOUR,6
HOUSE,6
IMAGINE,6
IMPROVE-A-LOT,6
INTRODUCE,6
IRON-CLOTHES,6
IX-2p-pl-arc,6
JUMP-FORWARD,6
KEY,6
KICK,6
KILL,6
KINDERGARTEN,6
KITE,6
LAW,6
LAZY,6
"LCL""path-turn-around""",6
LEARN,6
LEAVE-THERE,6
LECTURE,6
LEFT,6
LEND,6
LIP/MOUTH,6
LOUSY,6
MAKE,6
MEET,6
MEETING,6
MEMBER,6
MOSQUITO,6
NAME,6
ns-ATLANTA,6
ns-CHICAGO,6
ns-DETROIT,6
ns-ENGLAND/ENGLISH,6
ns-EUROPE,6
ns-nat-BRAZIL,6
ns-nat-DOMINICAN-REPUBLIC,6
ONE,6
PATIENT,6
PERMIT,6
PLAY,6
PLUS,6
POSTPONE,6
PRESSURE,6
PRICE,6
PROTEST,6
REALLY,6
RULE,6
SENTENCE,6
SET-UP,6
SHOVEL/DIG,6
SIGNATURE,6
SIT,6
SIXTEEN,6
SIZE,6
SKIN,6
SLEEP,6
SMOOTH,6
SPEND,6
SUGGEST,6
SUPPORT,6
SURGERY,6
TAKE-UP,6
THINK+MARRY,6
TO-FOOL,6
TOILET,6
TRASH/BAG,6
TREE-pl,6
WANT+NEG,6
WATER+FLOW_2,6
WIND,6
FALSO,6
(1h)GOOD/THANK-YOU,5
(2h)alt.ANGRY,5
(elbow)CHEAT,5
#ED,5
#JOB,5
ACCEPT,5
ACT+AGENT,5
ADVERTISE,5
AGGRESSIVE,5
AGREE,5
AHEAD,5
AND,5
ANY+ONE,5
ANYWAY/NOT-MATTER,5
ARM,5
ARTICLE,5
ASSIST,5
ASSOCIATION,5
ATTITUDE,5
AUNT,5
AUTUMN,5
BASEBALL,5
BICYCLE,5
BITE,5
BLACK,5
BLIND,5
BOOK,5
BORN,5
BORROW,5
BRA+UNDERPANTS,5
BRAKE,5
BROTHER,5
BUSINESS,5
BUSY,5
BUT,5
BUTTER,5
CALL-BY-PHONE,5
CANDY,5
CAPTIONS,5
CARRY,5
CENT+TEN,5
CHECK,5
CLOSE-DOOR,5
CLOSE-WINDOW,5
COLLEGE,5
COME-ON,5
CONCEPT,5
CONCERN,5
COOK/KITCHEN,5
COPY-DOWN,5
COURSE,5
COUSIN,5
COVER,5
CREATE/PRETEND,5
CRUSH,5
DAY,5
DELETE,5
DESTROY,5
DIMPLE,5
DINOSAUR,5
DISAPPEAR,5
DIVE-OFF-BOARD,5
DRIVE,5
DRY+(nd-C)SPIN,5
EAR_2/BIRTHDAY_2,5
EMERGENCY,5
ENCYCLOPEDIA,5
EVERY-YEAR,5
EVERY+(2h)THING,5
EXPERIMENT,5
FACE+SAME,5
FACIAL-EXPRESSION,5
FANCY,5
FARM,5
FILTHY,5
FIRST,5
FISH,5
FLAG_2,5
FLOAT,5
FLUTE,5
FOLD,5
FOREVER,5
FOURTEEN,5
GARAGE/SUBMARINE,5
GENERAL,5
GET-UP,5
GIRL+CORRECT,5
GO-BY-BOAT,5
GO-TO-IT,5
GRAB-CHANCE,5
GRADUAL-DECLINE-A-LOT,5
GRIP,5
GROUCHY,5
GROUND+AREA_2,5
GYM,5
HEART+HEART-BEAT,5
HERE,5
HIGH-HEELS,5
HOME+WORK,5
HORSE+RIDE-ON,5
HUMBLE,5
HURRY,5
ICE-CREAM,5
IDEA,5
INSULT,5
INSURANCE/INFECTION,5
INTERPRET,5
LAUGH,5
LEFT-ARM,5
LESS-THAN,5
LIBRARY,5
LIKE,5
LINE-UP,5
LOSE-COMPETITION,5
MAGAZINE,5
MANAGE/CONTROL,5
MEAT,5
METAL,5
MICROPHONE,5
MILK,5
MINUTE,5
MIX-UP,5
MONDAY,5
MORE,5
MORNING,5
MOST,5
MOTHER,5
MOVIE,5
NECKLACE,5
ns-AFRICA+ns-AMERICA+AGENT,5
ns-BALTIMORE,5
ns-COKE,5
ns-ITALY,5
ns-JESUS,5
OBSCURE,5
ONE-MONTH,5
ONE+HUNDRED,5
PAPER-CHECK/CARD,5
PASS,5
PLAN,5
POP-CORK,5
PRINT,5
PRISON,5
RAIN,5
REPAIR,5
RESPONSIBILITY,5
RETIRE,5
RIDE-ON,5
ROAD,5
RUN-OUT,5
SARCASM,5
SATISFIED,5
SECRET+HIDE,5
SELF-1p,5
SELL,5
SHAVE,5
SHOULD,5
SMOKE,5
SPECIALTY,5
STAB,5
STRANGE,5
STRAW,5
STRONG,5
TELL:i,5
TEMPERATURE,5
THINK+OPPOSITE,5
THIRD,5
THIS-PLACE,5
THREE,5
TIE,5
TRACE-HEART,5
TWINS,5
WHERE,5
WHITE+(5)FACE,5
WILD-ABOUT,5
(5)CRASH,4
(K)KITCHEN,4
(L-X)INTERESTING,4
(L)LEATHER,4
(S)BROOM,4
(S)KETCHUP,4
(Y)BULL,4
#AC,4
#BACK,4
#BUS,4
#CO,4
#EARLY,4
#HR,4
#IF,4
#PE,4
A,4
ABORTION,4
ABOVE,4
ADD,4
ADVENTUROUS/SNEAKY,4
AGAINST,4
AIRPLANE++AGENT,4
ALCOHOL,4
ALL-DAY,4
ALL-NIGHT,4
ALLIGATOR,4
ALWAYS,4
ANALYZE,4
ANIMAL,4
ANNOUNCE,4
ANY+THING,4
APPOINT,4
ART/DESIGN+AGENT,4
AUDIOLOGY+AGENT,4
AUTHORITY,4
B,4
BABY,4
BACKGROUND,4
BADGE,4
BAKE/OVEN,4
BALANCE,4
BALL,4
BALLOON,4
BANDAID,4
BAPTIST,4
BAT,4
BATH,4
BATH+fs-TUB,4
BEAR,4
BEAT_2,4
BECAUSE,4
BEG,4
BEG+AGENT,4
BELOW,4
BELT,4
BEST,4
BET,4
BETTER,4
BILLION,4
BIOLOGY,4
BISON/BUFFALO,4
BLACK+BERRY,4
BLESS,4
BLINDS,4
BLOND,4
BLOOD,4
BLOSSOM,4
BLOW-NOSE,4
BLUE+BERRY,4
BLUSH-BRUSH,4
BOAT,4
BODY,4
BOIL,4
BOMB,4
BOTH,4
BOTHER,4
BOWL,4
BOX/ROOM,4
BRA,4
BRAG,4
BRAWL,4
"BREAD+DCL""rounded rectangle""",4
BREAK,4
BREATHE,4
BRING-1p,4
BROKE,4
BRUSH-TEETH,4
BUG,4
BURY,4
BUTTERFLY,4
BUTTON,4
C,4
CAFETERIA,4
CALCULUS,4
CAMERA,4
CANDLE,4
CAR-HORN,4
"CAR+DCL""long flat surface""",4
CAT+fs-UP,4
CATCH,4
CAUSE,4
CEILING,4
CHALLENGE,4
CHAMP,4
CHANCE,4
CHANNEL,4
CHEW,4
CHIN,4
CHOCOLATE,4
CIGAR,4
CIGARETTE,4
CLASS+BOX/ROOM,4
CLEVER,4
CLOSE,4
COACH,4
COINS/CHANGE,4
COLLAR,4
COLOR,4
COMFORTABLE,4
COMMUTE,4
COMPARE,4
CONFRONT,4
CONGRATULATIONS,4
CONTACT,4
CONTACT-LENSES,4
COOK/KITCHEN+AGENT,4
COOKIE,4
COOL,4
CORN,4
CORRECT,4
CRACK,4
CRACKER/PASSOVER,4
CREAM,4
CREDIT-CARD,4
CRIPPLE,4
CROWN,4
CULTURE,4
CURIOUS,4
CURLY,4
CURSE,4
CURTAIN,4
CURVE,4
CUSHION,4
CUT,4
CUT-FABRIC,4
"CUTE++DCL""cane""",4
CYCLE,4
D,4
DARE,4
DARTS,4
DAUGHTER,4
DEAF-APPLAUSE,4
DECORATE,4
DEEP,4
DEMOCRAT,4
DEPARTMENT,4
DETERIORATE,4
DIALOG,4
DICTIONARY,4
DIE,4
DIM,4
DIRECT,4
DIRECT+AGENT,4
DISCIPLINE,4
DISCRIMINATE,4
DIVE,4
DIVIDE,4
DIZZY,4
DO,4
DO-DO,4
DONUT,4
DOORBELL,4
DORM,4
DREAM,4
DRILL,4
DRUGS,4
DRUMS,4
DRY+AREA,4
EAGLE,4
EARMUFF,4
EARRING,4
EARTH+RUMBLE,4
EASTER,4
EAT+BOX/ROOM,4
ECONOMIC,4
EDGE/CLIFF,4
EFFORT,4
ELBOW,4
ELECTRIC+AGENT,4
ELEMENTARY,4
ELEPHANT,4
ELEVEN,4
EMOTION,4
EMPTY/NAKED,4
ENERGY,4
ENGINEERING+AGENT,4
ENVIRONMENT,4
EQUAL,4
EQUIPMENT,4
ERASE,4
ESCAPE,4
EVERY-FRIDAY,4
EVERY-MONDAY,4
EVERY-SATURDAY,4
EVERY-SUNDAY,4
EVERY-TUESDAY,4
EVERY-TWO-YEARS,4
EVERY-WEDNESDAY,4
EXCEED,4
EXPAND,4
EXPRESS,4
EYEBROW,4
EYEBROW-FROWN,4
EYELASHES,4
EYES,4
F,4
FALL-IN-LOVE,4
FALSEHOOD,4
FAMOUS,4
FARM+AGENT,4
FAST_3,4
FATHER+LAW,4
FAVORITE/PREFER,4
FEDERAL,4
FEED,4
FEW,4
FIFTEEN,4
FINANCIAL,4
FINGER,4
FINGERPRINTS,4
FINGERS,4
FIRE/BURN+PLACE,4
FIREMAN,4
FISHING,4
FIVE,4
FLEXIBLE,4
FLIP-FLOP,4
FLIRT,4
FOCUS/NARROW,4
FOOTSTEP,4
FOR,4
FOREHEAD,4
FORM,4
FORTY,4
FOUNDATION,4
FOUNTAIN,4
FOUR-DOLLARS,4
FOX,4
FRESHMAN_2,4
FRIENDLY,4
FROG,4
FROM,4
FROM-NOW-ON,4
FRUIT,4
FUN,4
FURNITURE,4
G,4
GANG,4
GATE,4
GAY,4
GET-CLOSE,4
GIRAFFE,4
GLORY,4
GOD,4
GOLF,4
GRAMMAR,4
GRAPES,4
GRAY,4
GROUP,4
GROUP/TOGETHER,4
GUM,4
GYMNASTICS,4
H,4
HABIT,4
HAIR,4
HAIR_2+BLOND,4
HAIRBRUSH,4
HALL,4
HANDS,4
HANG-UP-PHONE,4
HANUKKAH,4
HAT,4
HATE,4
HEADACHE,4
HEAR/LISTEN,4
HEAR+RUMBLE,4
HEART,4
HELICOPTER,4
HIGHWAY,4
HILL,4
HONOR,4
HOPE,4
HORSE,4
HOT,4
HUG,4
HUNGRY/WISH,4
HUNTING,4
ICE-SKATE,4
IDENTIFY,4
IMMATURE,4
IMPORTANT,4
IMPOSSIBLE,4
IMPRESS-1p,4
INDEPENDENT,4
INDIVIDUAL,4
INNOCENT,4
INSPIRE,4
INTERESTING,4
INTERNATIONAL,4
INTERPRET++AGENT,4
INTERRUPT,4
INTERVIEW,4
JAW,4
JEALOUS,4
JOIN,4
JUMP,4
JUMPROPE,4
K,4
KANGAROO,4
KARATE,4
KEEP-IN-MIND,4
KID,4
KIND,4
KING,4
KING+AREA_2,4
KISS,4
KNEEL,4
KNOCK,4
L,4
LADDER,4
LANGUAGE,4
LAP,4
LAPTOP,4
LAST,4
LAST-WEEK,4
LAW+AGENT,4
LEAD,4
LEAF,4
LEAVE,4
LEG,4
LEMON,4
LESBIAN,4
LIBRARY+AGENT,4
LICENSE,4
LICK,4
LION,4
LIPREAD,4
LIPSTICK,4
LITTLE-BIT,4
LOBSTER,4
LOCK,4
LONELY,4
LONG,4
LORD,4
LOSE,4
LOUDSPEAKER,4
LOW,4
LUCKY,4
LUNCH,4
M,4
MAGIC,4
MAJOR,4
MALE-COUSIN,4
MARCHING,4
MARIJUANA,4
MATERIAL,4
MAYBE,4
MIDDLE,4
MIDNIGHT,4
MILLION,4
MIND,4
MOLD,4
MONEY,4
MOTHER+FATHER,4
MOUSE/FICTION,4
MUST,4
NEAT,4
NEXT-TO,4
NINE,4
NINTH,4
NOISE+RUMBLE,4
NOT,4
NOT-CARE,4
ns-#FLA,4
ns-#KC,4
ns-AFRICA,4
ns-AMERICA,4
ns-ASIA,4
ns-BULGARIA,4
ns-GALLAUDET,4
ns-HUNGARY,4
ns-INDIA,4
ns-IRELAND,4
ns-ISRAEL,4
ns-JESUS+BOOK,4
ns-LONDON,4
ns-nat-AUSTRALIA,4
ns-nat-CANADA,4
ns-nat-CHINA,4
ns-nat-DENMARK,4
ns-nat-JAMAICA,4
ns-nat-JAPAN,4
ns-nat-KOREA,4
ns-nat-RUSSIA,4
ns-PHILADELPHIA,4
NURSE,4
OBESE,4
OCTOPUS,4
OH-I-SEE,4
OIL,4
ONE-FOURTH,4
ONE-MORE,4
ONE-THIRD,4
ONE+MILLION,4
OPPORTUNITY,4
OPPOSITE,4
ORANGE,4
OTHER,4
PAPER,4
PAST+NIGHT,4
PAY-ATTENTION,4
PEA-BRAIN,4
PEACH,4
PEAS,4
PERCENT,4
PERFUME,4
PERSPECTIVE,4
PHONE+PUSH-BUTTONS,4
PIANO,4
PINK,4
PITCHER,4
PLASTIC,4
PLENTY,4
POP-UP,4
POSTER,4
POTATO,4
PRACTICE,4
PRAY,4
PREGNANT,4
PRESIDENT,4
PRINCIPAL,4
PROGRESS,4
PROMISE,4
PROTESTANT,4
PROUD,4
PROVE,4
PUSH,4
QMwg,4
QUIET,4
QUIT,4
RADIO,4
RAM,4
READ,4
READY,4
RECENT-PAST,4
RECLINE/ROCKING-CHAIR,4
RECORD/BREAK-RECORD,4
REFER,4
RELATIVE,4
REQUEST,4
RESPECT,4
RESTAURANT,4
RESTLESS,4
RIGHT,4
ROCK,4
RUDE,4
SAD,4
SALAD,4
SANDWICH,4
SATURDAY,4
SCHEDULE,4
SCIENCE,4
SEARCH-FOR,4
SEE,4
SEE-SEE,4
SEEM,4
SELF-2p,4
SERVICE,4
SEVEN,4
SHEEP,4
SHORT,4
SHUT,4
SHY,4
SIMMER,4
SIX,4
SIXTH,4
SKILL,4
SLOW,4
SNEEZE,4
SO-SO,4
SOUTH,4
SPEAKERS,4
SQUARE,4
STAND,4
STRAIGHT,4
STRIPES,4
STUPID,4
SUBSCRIBE,4
SUSPEND,4
TAKE-A-HIKE,4
TAKE-BREAK,4
TAKE-PILL,4
TAKE-SUBWAY,4
TAKE-TRAIN,4
TALK,4
TASTE,4
TATTLE,4
TEN,4
THING,4
THINK,4
THINK-OVER,4
THINK+DECIDE,4
THINK+MEAN,4
THINK+MESSED-UP,4
THINK+MIX-UP,4
THIRTEEN,4
THURSDAY,4
"TIME++DCL""circular object""",4
TO/UNTIL,4
TOOTHPASTE,4
TORNADO,4
TRAIN,4
TRAVEL,4
TURN-PAGE,4
TWELVE,4
TWENTY,4
TWICE,4
TWO,4
UNCLE,4
UP,4
UP-TO-NOW,4
UPSET,4
USE,4
VANILLA,4
VIDEO-CAMERA,4
VOICE,4
WAIST,4
WAKE-UP,4
WARN,4
WASH-FACE,4
WASHING-MACHINE+SOAP,4
WASTE,4
WATER,4
"WATER+DCL""round flat""",4
WHAT,4
WHY,4
WISDOM,4
WITCH,4
WONDER,4
WOOD,4
WOW/AWFUL,4
WRENCH/PLUMBING,4
WRITE,4
WRITE+AGENT,4
WRONG,4
YELLOW,4
ZERO,4
(1h)LAST-YEAR,3
(S)BOMB,3
(S)MOSQUITO,3
#CP,3
#FIX,3
#NO,3
#RR,3
#YES,3
ABANDON,3
ABOUT,3
ADDRESS,3
ADMIT,3
ADVISE/INFLUENCE+AGENT,3
ARGUE,3
ATTEMPT,3
AUDIOLOGY,3
BACKPACK,3
BACON,3
BALD,3
BARK,3
BASEMENT,3
BASKET,3
BEACH,3
BEARD,3
BECOME-FAT,3
BEFORE_2,3
BEFORE_2+SCHOOL,3
BEHIND,3
BENEFIT,3
BEST-FRIEND,3
BETWEEN/SHARE,3
BETWEEN/SHARE+AGENT,3
BIKE-PUMP,3
BLANK-OUT,3
BLOW-UP,3
BOY_2+CORRECT+LAW,3
BOY+FRIEND,3
BRACELET,3
BULL,3
BUY++AGENT,3
CAKE,3
CALM-DOWN,3
CAPITAL-LETTER,3
CARE++AGENT,3
CARROT,3
CATCH-BALL,3
CATHOLIC,3
CENT+EIGHT,3
CEREAL,3
CHALK,3
CHANGE,3
CHARACTER,3
CHECK_LIST,3
CHECKING-ACCOUNT,3
CHEST,3
CIRCLE,3
CIRCUMCISE,3
CLEAR,3
CLOWN,3
COCAINE,3
COCONUT,3
COMMITTEE,3
COMMUNIST,3
CONDUCT-MUSIC,3
CONFIDENT,3
CONFIDENTIAL,3
CONFUSE,3
CONSTITUTION,3
CORRESPOND,3
COURT+AGENT,3
COURT+HOUSE,3
CRAWL,3
CROSS,3
CURRICULUM,3
DASH-LINES,3
DEFLATE,3
DENY,3
DINNER,3
DINNER++BOX/ROOM,3
DISTRIBUTE,3
DON'T,3
DOWNSTAIRS,3
DRIBBLE,3
DUSTING,3
DUTY,3
DYE,3
E,3
EACH,3
EAR-HURT,3
EAT++SELL,3
EGO,3
EIGHT,3
EIGHTH,3
ELASTIC,3
ETCETERA,3
EVALUATE,3
EVENING,3
EVERY-MONTH/RENT,3
EXPOSE,3
EYE-MASK,3
FACE+NICE/CLEAN,3
FACE+STRONG,3
FANCY+BOX/ROOM,3
FANTASY,3
FASTING,3
FAULT,3
FAX,3
FEEDBACK,3
FIGURE-OUT,3
FIVE-DOLLARS,3
FLAG,3
FLASHLIGHT,3
FLAT/FLOOR,3
FLAT/LEVEL,3
FLUNK,3
FOR-FOR,3
FOREIGN,3
FRAME,3
FRESHMAN,3
FRUSTRATE,3
FUNERAL,3
"GANG+++SCL:C""group go together""",3
GENERATIONS-AGO,3
GEOMETRY,3
GET-IN,3
GIRL+BABY_2,3
GLOBE,3
GOAT,3
GOOD+LUCKY,3
GOOD+NIGHT,3
GRIEF,3
GUN,3
HAIRCUT+AGENT,3
HALLOWEEN_2,3
HANDSOME/ns-HAWAII_2,3
HARP,3
HEADLINE,3
HELL,3
HOLD,3
"HORSE+ICL:S""holding moving pole""",3
HOTEL,3
HUNDRED,3
HURRICANE,3
HYPOCRITE,3
I,3
I-LOVE-YOU,3
IGNITION-ON,3
IGNORE,3
INDUSTRY,3
INFLATE,3
INSTEAD,3
INTERCOURSE,3
ISOLATED,3
J,3
JELLY,3
JUNIOR,3
JUNIOR_3,3
KNEELING,3
KNOW-NOTHING,3
KNOW-THAT,3
LAID-UP,3
LANTERN,3
LATER_2,3
LEARN+AGENT,3
LEGISLATURE,3
LID,3
LIE-DOWN,3
LIFT,3
LIGHT,3
LIGHT-FLASH,3
LIGHT-MATCH,3
LIGHT+HOUSE,3
LIGHT+LIGHT-ON,3
LIGHT+LIGHT-OUT,3
LIGHTHOUSE,3
LIGHTNING,3
LIMIT,3
LOCAL,3
LOLLIPOP,3
LONG-SLEEVE,3
LORD-GOD,3
LOWERCASE/TINY,3
MANY,3
MARIONETTE,3
MATH,3
MEASLES,3
MEDITATE,3
MELT/SOLVE,3
MEMORIZE,3
MENTALLY-RETARDED,3
MICROWAVE,3
MILK-COW,3
MIND+OFF-COURSE,3
MONKEY,3
MOON,3
MOW,3
MUSIC,3
MYSTERY,3
NERVOUS,3
NEVER,3
NEW,3
NIGHT,3
NO-PROBLEM,3
NORTH,3
ns-#LA,3
ns-AMERICA+SIGN+LANGUAGE,3
ns-ARIZONA,3
ns-AUSTRALIA,3
ns-BRITAIN,3
ns-COLOR+fs-DO,3
ns-DALLAS,3
ns-EL-SALVADOR,3
ns-FRANCE,3
ns-GERMANY,3
ns-GREECE,3
ns-HAWAII,3
ns-IRAQ,3
ns-MEXICO/SPAIN,3
ns-MONTANA,3
ns-nat-AMSTERDAM,3
ns-nat-CUBA,3
ns-nat-FINLAND,3
ns-nat-GERMANY,3
ns-nat-GUATEMALA,3
ns-nat-ITALY,3
ns-nat-MALAYSIA,3
ns-nat-MEXICO,3
ns-nat-MILAN,3
ns-nat-NETHERLANDS,3
ns-NEW-YORK,3
ns-WASHINGTON,3
OFTEN,3
OLD+LESS-THAN,3
ONE-NIGHT-STAND,3
OPPOSITE+AGENT,3
ORBIT,3
OUT,3
OVERWHELMED,3
PAPER++SQUARE,3
PARALLEL,3
PARK,3
PARLIAMENT,3
PASS-OUT,3
PAY,3
PEAK-MOUNTAIN,3
PEOPLE,3
PEOPLE+AUDIENCE,3
PERFECT,3
PHONE,3
PICK/CHOOSE,3
PISS-OFF,3
PLUG,3
POEM,3
POSS-2p,3
PREVENT,3
PRIEST,3
PSYCHOLOGY,3
PUZZLE/PUSH-BUTTONS,3
RABBI,3
RABBI_2,3
RACCOON,3
RAKE,3
RAT,3
REFUSE,3
REMEMBER,3
REQUIRE,3
RIBS,3
SAVE,3
SAVE-MONEY,3
SAW,3
SAY,3
SCHOOL,3
"SCL:F""small circle""",3
SCOLD,3
SEND,3
SEND/MAIL,3
SEPARATE,3
SERVICE+AGENT,3
SHAKE-BY-HANDS,3
SHEET-CAKE,3
SHOE,3
SHOOT,3
SHOW+AGENT,3
SICK,3
"SIT++DCL:crvd-B""couch shaped object""",3
SMALL,3
SMILE,3
SOCIAL/INTERACT,3
SOON,3
SORRY,3
SOUP,3
SPELL,3
STEAL,3
STEAM,3
STICKY,3
STIMULATE,3
STUDY,3
SUCCEED,3
SUITCASE,3
SUMMARIZE,3
SUN,3
SUNDAY,3
SUNRISE,3
SUNSET,3
SUPERIOR,3
SUPERVISE,3
SUPERVISE+AGENT,3
SURFACE,3
SURPRISE,3
SUSPECT,3
SWALLOW,3
SWING,3
TAKE-ADVANTAGE,3
TALK-OVER,3
TALL,3
TATTOO,3
TEASE,3
TEST,3
TEST_2,3
THESE,3
THINK+(2h)PASS-OUT,3
THIRSTY,3
TORTURE,3
TOSS,3
TOUCH-HEART,3
"TREE+DCL""branch""",3
TUNNEL,3
TWENTY-ONE,3
TWIST,3
TYPE,3
TYPEWRITER,3
UNDER,3
URGE,3
USE++AGENT,3
VACUUM,3
VIBRATE,3
VODKA,3
WALL,3
WANT,3
WASH,3
WASHING-MACHINE,3
WATCH,3
WATER+WATER-RISE,3
WAVE-GOODBYE,3
WEALTHY,3
WHALE,3
WHAT,3
WHISPER_3,3
WITH,3
WITH+NEG,3
WORTH,3
YESTERDAY,3
(1)FAR,2
(1)WHO,2
(1h)EAT-UP,2
(1h)HAPPY++NEW+YEAR,2
(1h)STAY,2
(2h)#BACK_2,2
(2h)alt.USE-SIGN-LANGUAGE,2
(2h)THANK-YOU+SUGGEST,2
(2h)THUMBS-UP/GOOD,2
(5)FOOT,2
(5)WEATHER,2
(A)ns-AFRICA,2
(B)HOSPITAL_2,2
(cheek)BLIND,2
(E)E-MAIL,2
(L-X)THICK,2
(L)LIVE+BOX/ROOM,2
(P)PARANOID,2
(P)PROFESSION,2
(R)BEST-FRIEND,2
(S)OLD+#FF,2
(S)OLD+TESTAMENT,2
(V)CRAWL,2
(W)WAR,2
(X)FOOL/DOLL+(D)DAY,2
(Y)BATHING-SUIT,2
#BBQ,2
#CC,2
#CLUB,2
#HA-HA,2
#LAB,2
#OD,2
#OFF,2
#OK,2
#OR,2
#PO,2
#REF,2
#SS,2
#TTY,2
#TV,2
#WHAT,2
#WILL,2
#WOW,2
A-LEVEL-ABOVE,2
ABSENT,2
ABSTRACT,2
ACCOMPANY,2
AIR-PUMP,2
ALGEBRA,2
ALL-NIGHT-AFTER-MIDNIGHT,2
AMBULANCE,2
AMONG,2
ANGLE,2
APPROVE,2
ASK,2
ASSAULT,2
ASTRAY,2
ATTENTION-WAVE,2
AUCTION,2
AUDIENCE,2
AVAILABLE,2
BAKING-SPRINKLES,2
BATH+BATHROBE,2
BATH+COAT,2
BATHING-SUIT,2
BEANS,2
BEAT,2
BEAT_3,2
BEAVER,2
BECOME+QUIET,2
BED+BOX/ROOM,2
BED+CUSHION,2
BELL,2
BELOW_2,2
BILLIARDS,2
BIRD++PECK,2
BITTER,2
BLOCK,2
BLUSH,2
BOARD,2
BONE,2
BOOK-PAGE,2
BOOT,2
BOSS+LOWERCASE/TINY,2
BOWLING-STRIKE,2
BOX_2,2
BOY_3+MARRY,2
"BOY+DCL""round flat""",2
BREASTS,2
BUCKET,2
CAESAREAN-SECTION,2
CALENDAR,2
CARDIGAN,2
CARELESS,2
CARPENTER,2
CASHIER,2
CASHIER+AGENT,2
CELEBRATE+(2h)IX-honorific:upward,2
CENT+TWENTY-FIVE,2
CENTER+ns-AMERICA,2
CHAPTER,2
CHARACTERISTIC,2
CHRIST,2
COLD+DOOR,2
COLLAPSE,2
COMMON-SENSE,2
COMMUNICATE+MISCOMMUNICATE,2
COMPLICATED,2
CONDUCTOR,2
COOK/KITCHEN+BOX/ROOM,2
COOKING,2
COP++RESEARCH,2
CORN_3,2
CORN_4,2
COUGH_2,2
CROSS-MY-HEART,2
CROWDED,2
CUBED,2
CUP,2
CUSTOMER,2
CUT-WITH-SCISSORS,2
"DCL:crvd-5""tall wide cylindrical object""",2
"DCL:crvd-5""tall wide cylindrical object""+HANDLE",2
"DCL""flat stack""",2
DEAL-CARDS,2
DECONSTRUCT,2
DEER,2
DENTIST,2
DETECTIVE,2
DIAMOND,2
DONKEY,2
DOOR+SQUARE,2
DROOL,2
DRY-CEREAL,2
DUCK,2
DURING/WHILE,2
E-MAIL,2
EARTH+SPHERE,2
EAT-WITH-FORK,2
EAT+BUY,2
EIGHT-MONTHS,2
EIGHT-WEEKS,2
EIGHTY-EIGHT,2
EIGHTY-NINE,2
ELBOW-PATCH,2
EMOTIONLESS,2
EPISCOPAL,2
ERASE-BOARD,2
ERECT,2
EVERY-WEEK,2
EXPLOIT,2
FACULTY,2
FALL-INTO-PLACE,2
FAST,2
FEEL+DEFLATE,2
FEEL+NONE/NOTHING,2
FEMALE-FIGURE,2
FERRIS-WHEEL/FAIR,2
FEW/CLOSE,2
FIANCE,2
FIFTH-PLACE,2
FIFTY-FIVE,2
FILL-OUT,2
FIRST-PLACE,2
FIST,2
FIVE-MONTHS,2
FIVE-WEEKS,2
FLOW,2
FLY-KITE,2
FORK-IN-ROAD,2
FORK-IN-ROAD_3,2
FORMERLY,2
FORTY-FOUR,2
FOUR-MONTHS,2
FOUR-WEEKS,2
FRACTION,2
FRESHMAN_3,2
FRUSTRATED/THWARTED,2
fs-HALL,2
fs-HELL,2
fs-I+PHONE,2
fs-MAYO,2
fs-REHAB,2
GET,2
GET-BIGGER,2
GET-ON,2
GET-OUT,2
GET-RID-OF,2
GLASSES,2
GLOVES,2
GO-OUT,2
GOOD+ENOUGH,2
GORILLA,2
GOVERNMENT+AGENT,2
GREAT,2
GREEDY,2
GROW-UP,2
GROW++COLLECT,2
HALF-HALF,2
HEAR+SHUT,2
HEART-BEAT,2
HEAVEN,2
HEIGHT,2
HEIGHT_2,2
HEREDITY,2
HIGH-ON-DRUGS,2
HITCHHIKE,2
HOLY,2
HONEST,2
HONEY/DEAR,2
HONEYMOON,2
HUSBAND,2
"ICL:S""handling something long and narrow""",2
IDENTIFICATION,2
IF,2
IMPRESS-MEMORY,2
IN-FIVE-YEARS,2
IN-FOUR-YEARS,2
IN-THREE-YEARS,2
INCOMPETENT,2
INVEST,2
INVITE/HIRE,2
IX-honorific:i,2
JACK-O-LANTERN,2
JEWELRY,2
JUDGE,2
JUNIOR_2,2
KETCHUP,2
KICK-OFF,2
KIDNEY,2
KNOW++THAT,2
LABEL,2
LACROSSE,2
LATCH,2
LATE,2
LATER,2
LEAD+AGENT,2
LEATHER,2
LEGAL-RIGHT,2
LINED-PAPER,2
LINGUISTICS,2
LIST-ORDER-IX,2
LIST-ORDER-MIDDLE,2
LIST-ORDER-PINKY,2
LIST-ORDER-RING,2
LIST-ORDER-THUMB,2
LIST+DO-DO,2
LOOK-BY-EYE,2
LOOSE,2
LOSE-WEIGHT,2
LUTHERAN++AGENT,2
MAGNET,2
MAXIMUM,2
MEDICAL-PATIENT,2
MELON/PUMPKIN,2
MENSTRUATE,2
MENTAL-SCAR,2
METHOD,2
MIDDLE+WEST,2
MILITARY,2
MILLION+AGENT,2
MINOR,2
MIRROR,2
MONEY++TRADE,2
MOOSE,2
MOSQUE,2
MOTHER+LAW,2
MOTIVATE,2
MOTIVATE++AGENT,2
MOTORCYCLE,2
MOUNTAIN,2
MOVE,2
MOVE-AROUND,2
MOVE-AWAY,2
MOVIE+SQUARE,2
MUSIC-RECORD,2
MUSTACHE,2
N,2
NAPKIN,2
NARROW-STREET,2
NAVY,2
NECKTIE,2
NERVE/VEIN,2
NET,2
NEXT,2
NOTHING-AT-ALL,2
NOW+(D)DAY,2
ns-#HI,2
ns-#SD,2
ns-#SF,2
ns-#US,2
ns-AMERICAN-INDIAN,2
ns-ATHENS,2
ns-BELGIUM,2
ns-BURGER-KING,2
ns-CHARLOTTE,2
ns-CHINA,2
ns-COLUMBIA,2
ns-COSTA-RICA,2
ns-fs-DALLAS,2
ns-GOLDEN-ARCHES,2
ns-HOUSTON,2
ns-JESUS+AGENT,2
ns-MCDONALD,2
ns-MIAMI,2
ns-MICKEY-MOUSE,2
ns-MOSES,2
ns-nat-AUSTRIA,2
ns-nat-BEIJING,2
ns-nat-BOLIVIA,2
ns-nat-BOMBAY,2
ns-nat-GREECE,2
ns-nat-HONG-KONG,2
ns-nat-HUNGARY,2
ns-nat-ISTANBUL,2
ns-nat-JERUSALEM,2
ns-nat-PAKISTAN,2
ns-nat-POLAND,2
ns-nat-SHANGHAI,2
ns-nat-SPAIN,2
ns-nat-THAILAND,2
ns-nat-TRINIDAD-AND-TOBAGO,2
ns-NEW-ORLEANS,2
ns-PARIS,2
ns-PEPSI,2
ns-PITTSBURGH,2
ns-PUERTO-RICO,2
ns-PUERTO-RICO_2,2
ns-QUEBEC,2
ns-RICHMOND,2
ns-RUSSIA,2
ns-SANTA-CLAUS,2
ns-SCOTLAND,2
ns-SWEDEN,2
ns-SWITZERLAND,2
ns-TEXAS,2
ns-VIETNAM,2
NUMBER,2
NUN,2
NUT,2
O,2
OCEAN,2
OFF,2
OFFICE,2
ON,2
ONCE,2
ONCE-IN-A-WHILE,2
ONE-WEEK,2
ONE+THOUSAND,2
ONION,2
OPEN,2
OPEN-DOOR,2
OPEN-WINDOW,2
OPINION,2
ORDER,2
ORGANIZATION,2
ORTHODOX,2
OVERFLOW,2
OVERHEAD-PROJECTOR,2
OWL,2
P,2
PACK,2
PAGER,2
PAINT+AGENT,2
PANCAKE,2
PANTS,2
PAPER++CLIP,2
PARAGRAPH,2
PARENTHESES,2
PARK++DROP-COINS,2
PARTY,2
PASS-DOWN,2
PAST+YEAR,2
PAT-ON-BACK,2
PAY-IN-FULL,2
PAY++FINISH,2
"PCL:5-C-L""crowd""",2
PEAR,2
PEEK-AROUND,2
PENCIL,2
PERCEIVE,2
PERIOD,2
PERIOD-ON-PAGE,2
PERSONALITY,2
PET/SPOILED,2
PHYSICAL,2
PHYSICS,2
PICTURE,2
PIE,2
PIG,2
PILGRIM,2
PILLOW,2
PIN,2
PINEAPPLE,2
PIPE,2
PIRATE,2
PITCH-A-BALL,2
PITY,2
PIZZA,2
PIZZA_3,2
PLANT-SEEDS,2
PLAY-AROUND,2
PLAY+AGENT,2
PLAY+GROUND,2
POCKET,2
POINT-TO,2
POKE,2
POLICY,2
POLITE,2
POLITICS,2
POOR,2
POPCORN,2
POPE,2
POUND/WEIGH,2
POWER,2
POWERFUL,2
PREACH,2
PREACH++AGENT,2
PREDICT,2
PREDICT+AGENT,2
PRINCE,2
PRINCESS,2
PRINT+AGENT,2
PRIORITY,2
PRISON++AGENT,2
PRIZE-DRAWING,2
PROGRAM,2
PROJECT,2
PROMISCUOUS,2
PROPORTION,2
PSYCHIATRY,2
PSYCHIATRY++AGENT,2
PSYCHOLOGY++AGENT,2
PUMPS,2
PUNCH,2
PUNISH,2
PUPPET,2
PURPLE,2
PUT,2
PUT-ON-GLOVES,2
PUT-ON-HEARING-AID,2
PUT-ON-RING,2
Q,2
Q-TIP,2
QUADRUPLE,2
QUEEN,2
QUESTION,2
QUINTUPLE,2
QUOTE/TOPIC,2
R,2
RABBIT,2
RAINBOW,2
REALLY+NICE/CLEAN,2
REASON,2
RECORD,2
RED,2
RED+BLOOD,2
RED+BLUSH,2
RED+fs-BERRY,2
RED+SLICE,2
REDUCE,2
REFLECT,2
REINS,2
REJECT,2
RELATIONSHIP,2
RELATIONSHIP-OFF,2
RELAY-OPERATOR,2
RENOVATION++AGENT,2
REPUBLICAN,2
REST,2
RESULT,2
REVENGE,2
REVIEW,2
RIB,2
RICH,2
RIDE,2
RIFLE,2
RING,2
RIP,2
ROCKET,2
ROLLING,2
ROUGH,2
ROWING,2
ROYAL,2
RUB,2
RUBBER,2
RUIN,2
RUN-MACHINE,2
RUNNY-NOSE,2
S,2
SAFE,2
SAILBOAT,2
SALT,2
SAME-TIME,2
SAUCE,2
SCARF,2
SCIENCE+AGENT,2
"SCL:V""person walking up ladder""",2
SCRAPE,2
SCREAM,2
SCREEN/FILTER++WINDOW,2
SCREWDRIVER,2
SCUBA,2
SECOND-OF-TIME,2
SECRETARY,2
SEE-SAW,2
SEMESTER,2
SENATE,2
SENIOR,2
SENIOR-CITIZEN,2
SENSITIVE,2
SERIOUS,2
SEVEN-MONTHS,2
SEVEN-WEEKS,2
SEVENTH,2
SEVENTY-EIGHT,2
SEVENTY-NINE,2
SEVENTY-SEVEN,2
SEVENTY-SIX,2
SEW,2
SEX/GENDER,2
SHAMPOO,2
SHARP,2
SHINE,2
SHIP,2
SHOE-HEEL,2
SHOE+HALF-LIMB,2
SHOOT-ARROW,2
SHORT-HEIGHT,2
SHORTS,2
SHOWER,2
SHUT-UP,2
SICK/SILLY,2
SIDE,2
SILVER,2
SIMPLE,2
SITUATION,2
SIX-WEEKS,2
SIXTY-EIGHT,2
SIXTY-NINE,2
SIXTY-SEVEN,2
SIXTY-SIX,2
SKI,2
SKIRT,2
SKUNK,2
SLAVE,2
SLIDING-DOORS,2
SLIM,2
SLIPPER,2
SLIPPERY,2
SMELL,2
SMELLY,2
SMOOTH-SURFACE,2
SNAKE,2
SNOB,2
SNORKEL,2
SNOW,2
SNOWBOARD,2
SOAP,2
SOCIAL-WORK,2
SOCIETY,2
SOCKS,2
SODA,2
SOFT,2
SOME,2
SOMETIMES,2
SOPHOMORE,2
SOPHOMORE_2,2
SOUTH+(A)ns-AFRICA,2
SPAGHETTI,2
SPANK,2
SPILL,2
SPIN,2
SPIT,2
SQUARED,2
SQUIRREL,2
STAGE,2
STAMP-SEAL,2
STAND-UP+ASCEND,2
STAR,2
START,2
STATE,2
STATISTICS,2
STEALTHY,2
STEEP,2
STEPLADDER,2
STEPS,2
STILL,2
STING,2
STING-FACE,2
STINK,2
STIR,2
STITCH,2
STOMACH,2
STOP,2
STORY++AGENT,2
STRANGLE,2
STRICT,2
STRING,2
STRIP,2
STRIP-PAINT,2
STRUCTURE,2
STRUGGLE,2
STUBBORN,2
STUCK,2
STUPID_3,2
SUBTRACT,2
SUBWAY,2
SUFFER,2
SUGAR/SWEET,2
SULK,2
SUMMER,2
SUMMON,2
SURROUND,2
SWEAT,2
SWEATER,2
SWEETHEART,2
SWIM,2
SWITCH,2
SYMBOL,2
SYSTEM,2
T,2
TAKE-NOTES,2
TAKE-OFF,2
TANK-TOP,2
TAP-DANCE,2
TAPE,2
TAPE-RECORDING,2
TEA,2
TEACH,2
TEACH++AGENT,2
TEAM,2
TECHNOLOGY++AGENT,2
TEETH,2
TEMPLE,2
TEMPT,2
TEN+EIGHT,2
TEND,2
TEXTING,2
THAN,2
THANKSGIVING,2
THAT,2
THEN,2
THEORY,2
THEREFORE,2
THERMOMETER,2
THIEF,2
THIN,2
THINK+FAITH,2
THINK+GENERAL,2
THINK+SHOCK,2
THINK+TALK-TO-SELF,2
THIRD-IN-LIST,2
THIRD-PLACE,2
THIRTY,2
THIRTY-THREE,2
THREE-FOURTHS,2
THREE-MONTHS,2
THREE-MORE,2
THREE-WEEKS,2
THROAT,2
THROAT-HURT,2
THROUGH,2
TICKLE,2
TIPTOE,2
TIRED,2
TOAST,2
TOBACCO,2
TOMATO,2
TOMORROW,2
TONGUE,2
TOOTHBRUSH,2
TOP,2
TOUCH,2
TOURNAMENT,2
TOWEL,2
TRADITION,2
TRAFFIC,2
TRANSFER,2
TRANSLATE,2
TRANSPORTATION,2
TRAP,2
TREAT,2
TRIGONOMETRY,2
TRIP,2
TRIPLE,2
TROPHY,2
TROUBLE,2
TRUMPET,2
TRY,2
TUESDAY,2
TURN,2
TURN-DOWN,2
TURN+BROTHER,2
TURN+FATHERwg,2
TURN+MOTHER,2
TURTLE,2
TUTOR,2
TWENTY-THREE,2
TWENTY-TWO,2
TWO-MONTHS,2
TWO-WEEKS,2
U,2
UGLY,2
UMBRELLA,2
UNDERPANTS,2
UNDERSTAND,2
UNIFORM,2
UNIVERSE,2
UNIVERSITY,2
UPPER,2
UPSIDE-DOWN,2
UPSTAIRS,2
USED-TO,2
V,2
VAGINA,2
VALLEY,2
VARY,2
VEGETABLE,2
VERY,2
VICE-PRESIDENT,2
VIDEOTAPE_2,2
VINEGAR,2
VIOLIN,2
VIRGIN,2
VIRGIN-MARY,2
VISIT:i,2
VISIT+AGENT,2
VISUALIZE,2
VOCABULARY,2
VOICE++(1)TEMPERATURE/PITCH,2
VOLLEYBALL,2
W,2
WAG,2
WAIT,2
WAIT-A-MINUTE,2
WALLET,2
WARM,2
WASH-HANDS,2
WATER-PUMP,2
WATER-RISE,2
WATER++MELON/PUMPKIN,2
WATER+OCEAN,2
WATER+RIVER,2
WATERMELON,2
WEAK,2
WEATHER,2
WEAVE,2
WEDDING,2
WEDNESDAY,2
WELCOME,2
WEST,2
WET,2
WHEEL,2
WHEELCHAIR,2
WHEELCHAIR_2,2
WHEN,2
WHICH,2
WHIP,2
WHISPER,2
WHITE,2
WHITE+CHALK,2
WHO,2
WIDE,2
WIN,2
WINDOW,2
WINE,2
WINE-BOTTLE,2
WOLF,2
WORD,2
WORKSHOP,2
WORLD,2
WORM,2
WORRY,2
WORTH+NEG,2
WOW,2
WRAP,2
WRESTLE++AGENT,2
WRIST,2
X,2
XYLOPHONE,2
Y,2
YAWN,2
YEAR,2
YES,2
YOM-KIPPUR,2
YOUNG,2
Z,2
ZIPPER,2
(1)GO-STEADY,1
(1h)(L-X)INTERESTING+ZERO_2,1
(1h)AREA,1
(1h)HAMMER+AGENT,1
(1h)HAPPY+(1h)MOST,1
(1h)NONE/NOTHING,1
(1h)SCREAM,1
(2h)DRIBBLE++SHOOT-BASKET,1
(A)ns-ASIA,1
(B-L)NAPKIN,1
(B)BLINDS,1
(C)VOMIT,1
(cocked-8)FOOL,1
(cocked-8)SHOOT-ARROW,1
(flat-O)PAY/SPEND,1
(G)THANKSGIVING,1
(Horns)SHOOT-ARROW,1
(I)IRON-METAL,1
(L)RIFLE,1
(M)MODEL,1
(M)ns-MEXICO,1
(P)PARTICIPATE,1
(P)PENIS,1
(S)OLD++AVERAGE,1
(S)OLD+FIVE_2,1
(S)OLD+FOUR_2,1
(S)OLD+ONE_2,1
(S)OLD+THREE_2,1
(S)OLD+TWO_2,1
(S)PURSE,1
(U)SECRETARY,1
"#DO++""WHAT""",1
#MW,1
#PIZZA,1
ABDOMEN,1
ACQUIRE,1
ADAPT,1
ADDICTED,1
ADULTERY,1
AGE-FIVE,1
AGE-FOUR,1
AGE-ONE,1
AGE-TWO,1
AGENT,1
AIR,1
ALL-AFTERNOON,1
ALLERGY,1
ALMOST,1
ALWAYS+FOREVER_2,1
AMAZED,1
ANSWER+AGENT,1
APPROVE/VETO,1
ARM+SHORT-SLEEVE,1
ASTONISHED,1
BACK,1
BACKSTAB,1
BAD+DREAM,1
BAG,1
BALD+ALL-GONE,1
BATH+DRESS/CLOTHES,1
BATHROBE,1
BEAUTIFUL+DRESS/CLOTHES,1
BEE,1
BILL/OWE-1p,1
BIND/TIE-UP,1
BIRTH,1
BITE-NAILS,1
BLACK-OUT,1
BLINDFOLD,1
BLOUSE,1
BOWEL-MOVEMENT,1
BOWTIE,1
BOY+BABY,1
"BPCL:B""tapping foot""",1
BREAK-DOWN-BUILDING,1
CALCULATOR,1
CAMERA-FLASH,1
"CAR+DCL:1""speedometer""",1
CAR+ENGINE,1
CAR+TRUNK,1
CARROT_2,1
CARRY-SUITCASE,1
CENT+FIVE,1
CENT+ONE,1
CHECKERS,1
CHERRY,1
CHOOSE,1
CLIMB,1
CLIMBING-ROCKS,1
CONCLUSION,1
COUCH,1
COURT+BOX/ROOM,1
"CROWN+DCL:4""coronet""",1
"DCL:1""speedometer""",1
"DCL""can""+ICL""open can""",1
"DCL""long stringed hanging object""",1
"DCL""pile""",1
"DCL""rough surface""",1
"DCL""steam rising""",1
"DCL""T""+VOLUNTEER/SHIRT",1
"DCL""thick strip""",1
"DCL""thin cylindrical object""",1
DEFLATE_2,1
DEVOUR,1
DIAL-ROTARY,1
DISAGREE,1
DO-DO+HAPPEN,1
DOWN-TO-EARTH,1
DRAGON,1
E-MAIL_2,1
EAR+EAR-HURT,1
EIGHT-HOURS,1
EIGHT+HOUR,1
EIGHTH-PLACE,1
END,1
ENGINE,1
FASCINATE,1
FEATHER,1
FEEL+GRIEF,1
FIVE_2+HOUR,1
FIVE-HOURS,1
FIX,1
FLASHLIGHT_2,1
FLIP-OVER,1
FLY-BY-WINGS,1
FOUR_2+HOUR,1
FOUR-HOURS,1
FOURTH-PLACE,1
FRESHMAN_4,1
FRONT,1
fs-BEAVER,1
fs-BLOUSE,1
fs-CHECKERS,1
fs-FEATHER,1
fs-FEET,1
fs-GRAVITY,1
fs-HOLY,1
fs-ICE+ICE-SKATE,1
fs-JELLY,1
fs-JELLY+FISH,1
fs-JEWELRY,1
fs-LAKE,1
"fs-MAYO+ICL""spread with knife""",1
fs-PICKLE,1
fs-TATTOO,1
fs-WART,1
GIRL-SCOUT,1
GIRL+CORRECT+LAW,1
GIRL+MARRY,1
GLASSES_2,1
GLOVES_2,1
GOLD/ns-CALIFORNIA+YELLOW,1
GOOSEBUMPS,1
HALLUCINATE,1
HARMONICA,1
HEAR/LISTEN+RUMBLE,1
HEAR+NOISE,1
HEAVEN_2,1
HEAVEN_3,1
HIDE,1
HOMEWORK,1
HOT-SPICY,1
HOUSE+(P)PAY,1
"ICL:C""pouring over""",1
"ICL:F""peeling paint""",1
"ICL""peeling an orange""",1
"ICL""peeling skin""",1
"ICL""peeling with knife""",1
"ICL""shaking out""",1
"ICL""squeezing small object""",1
IGNITION-OFF,1
INTERNET,1
JELLYFISH,1
JUGGLE,1
"LCL:B-L""receive from heaven""+BOOK",1
LEAK,1
LIGHT-WEIGHT,1
LITTLE,1
LOTION,1
LUTHERAN,1
MAGNET_2,1
MAGNET_3,1
MAKE-BUBBLES,1
MAN_2,1
MASK,1
MILLION_2+AGENT,1
MIND+BLOW-UP,1
MISCOMMUNICATE,1
MOOCH,1
MORE-THAN,1
MOTOR,1
MUMPS,1
MUSEUM,1
MUSIC++AGENT,1
MUSIC++GROUP/TOGETHER,1
MUSLIM,1
NAKED,1
NATIVE,1
NECK,1
NEGATIVE,1
NEPHEW,1
NERVY,1
NEUTRAL,1
NEW+TESTAMENT,1
NEXT-WEEK_2,1
NEXT-YEAR,1
NEXT+AGENT,1
NIBBLE,1
NIECE,1
NINE-MONTHS,1
NINE-WEEKS,1
NINE+HOUR,1
NINETY-EIGHT,1
NINETY-NINE,1
NINETY-SEVEN,1
NIPPLES,1
NOISE,1
NONE,1
NOON,1
NOSE,1
NOSE+OPPOSITE,1
NOT-MY-PROBLEM,1
NOT+SATISFIED,1
NOTHING,1
NOTICE,1
ns-BANGLADESH,1
ns-CENTRAL-AMERICA,1
ns-COLORADO,1
ns-COLORADO_2,1
ns-ECUADOR,1
ns-FORT-WORTH,1
ns-FORT-WORTH-DALLAS,1
ns-fs-BEIJING,1
ns-fs-CHILE,1
ns-fs-COKE,1
ns-fs-JORDAN,1
ns-GREECE_2,1
ns-HOLLYWOOD,1
ns-ISLAND-HAITI,1
ns-LINCOLN,1
ns-MAINE,1
ns-nat-CHILE,1
ns-nat-DUBLIN,1
ns-nat-HAMBURG,1
ns-nat-INDONESIA,1
ns-nat-JORDAN,1
ns-nat-LEBANON,1
ns-nat-SRI-LANKA,1
ns-NIGERIA,1
ns-NORTH-AMERICA,1
ns-PINOCCHIO,1
ns-PORTUGAL,1
ns-PORTUGAL_2,1
ns-SINGAPORE,1
ns-WASHINGTON+fs-DC,1
ONE+MORE,1
ORGAN-MUSIC,1
OVERLOOK,1
PARACHUTE,1
PATRONIZE/FREQUENT,1
"PCL:5""coming in""",1
PENGUIN,1
PERSON,1
PICKLE,1
PICNIC,1
PIMPLES,1
PITCHER_2,1
PIZZA_2,1
PNEUMONIA,1
POETRY,1
POUR,1
PRESBYTERIAN,1
PRESS-BUTTONS,1
PUFF-SMOKE,1
PULSATE,1
PURSE,1
RATTLE,1
REALLY+POSS:i,1
RECYCLE,1
RED+BLACK+CHECKERS,1
"RED+DCL""face""",1
REGISTER,1
RELIGION,1
REMIND,1
REMIND-2p,1
REMOVE,1
REPORT,1
REPORT+AGENT,1
RIVER,1
ROLLER-BLADE,1
ROLLER-SKATE,1
ROOMMATE,1
ROOSTER,1
ROPE,1
SAFE_2+AGENT,1
SAFE+AGENT,1
"SCL:3""vehicle""++DCL:1""speedometer""",1
"SCL:V""person falling forward""",1
"SCL:V""person falling in place""",1
"SCL:V""person rolling around""",1
"SCL:V""person walking up ladder""",1
"SCL:V""person walking""",1
SCOOTER,1
SCOUT,1
SCREEN/FILTER,1
SEAT-BELT,1
SECOND-IN-LIST_2,1
SECOND-PLACE,1
SEVEN-HOURS,1
SEVEN+HOUR,1
SHEARS/SHAVE,1
SHH+CONFIDENTIAL,1
SHORE,1
SHORT-SLEEVE,1
SIGN,1
SIGN+LANGUAGE,1
SISTER,1
SIX-DOLLARS,1
SIX-HOURS,1
SIX-MONTHS,1
SIX+HOUR,1
SKY,1
SKYSCRAPER,1
SLEEP+DRESS/CLOTHES,1
SLICE,1
SNAKE+WAG,1
SNOW+MOTORCYCLE,1
SNOWMOBILE,1
SOMETHING/ONE,1
SON,1
SOPHISTICATED,1
SPECIAL/EXCEPT,1
SPICY,1
SPIDER,1
SPREAD,1
SPRINKLER,1
STAMP,1
STOPLIGHT,1
STORY-TELL,1
STRAWBERRY,1
STRAY/DEVIATE,1
SUNSHINE,1
SUPPORT++AGENT,1
SWEAR,1
TABLE,1
TAIL,1
TAKE,1
TAKE-PICTURE,1
TALK-TO-SELF,1
TAN,1
TEENAGER,1
TELESCOPE,1
THINK-ABOUT,1
THINK+AGREE,1
THINK+FOCUS/NARROW,1
THINK+GRAB-CHANCE,1
THOUSAND,1
THREE_2+HOUR,1
THREE-HOUR,1
THROW-AWAY,1
THROW-BALL,1
THROW-BASKETBALL,1
THROW-SOFTBALL,1
THUMB,1
THUMBTACK/BUTTON,1
TIGER,1
TIME,1
TIME-PERIOD,1
"TIME++(1h)""WHAT""",1
TRIM,1
TRIM-HEDGE,1
TROMBONE,1
TURN-PAGE_2,1
TURN+GIRL+CORRECT,1
TURN+SISTER,1
TWENTY-FIVE,1
TWO_2+HOUR,1
TWO-HOURS,1
TWO-MORE,1
UNDERWEAR/PRECIOUS,1
UP-AHEAD,1
VACUUM-UP,1
VAIN,1
VERY-FAST,1
VETO/REJECT,1
VIRGIN+fs-MARY,1
VOMIT,1
WASH-DISH,1
WASH+DISH-pl,1
"WATER++SCL:5""waterfall""",1
WATER++SPRINKLER,1
"WATER+BCL""drinking from a water fountain""",1
WHALE_2,1
WHEEL+CART,1
WHEELBARROW,1
WHEW/RELIEVED,1
WHISKERS,1
WIFE,1
WILD_2,1
WINE+POP-CORK,1
WORSE,1
YAWN_2,1
ZITS,1
============,0
