Gloss,1,2,3,4,5,6,7,8,9,10,11,12
"""VIDEO-GAME""",,,,,,,,,,,,
A-LOT,,,,,,,,,,,,
ABC'S,,,,,,,,,,,,
ABOUT,,,,,,,,,,,,
ABOVE,,,,,,,,,,,,
ABUSE,,,,,,,,,,,,
ACCENT,,,,,,,,,,,,
ACCEPT,,,,,,,,,,,,
ACCIDENT,,,,,,,,,,,,
ACCOMPANY, WITH,,,,,,,,,,,
ACCOUNTANT,,,,,,,,,,,,
ACQUAINTANCE,,,,,,,,,,,,
ACQUIRE,,,,,,,,,,,,
ACROSS,,,,,,,,,,,,
ACT,,,,,,,,,,,,
ACTIVE,,,,,,,,,,,,
ACTOR,,,,,,,,,,,,
ADD,,,,,,,,,,,,
ADD-TO,,,,,,,,,,,,
ADDICT,,,,,,,,,,,,
ADDRESS,,,,,,,,,,,,
ADMINISTRATION, MANAGER,,,,,,,,,,,
ADOPT,,,,,,,,,,,,
ADOPT, TAKE-UP,,,,,,,,,,,
ADULT,,,,,,,,,,,,
ADVISE/ADVICE, COUNSEL,,,,,,,,,,,
AFRAID, SCARED,,,,,,,,,,,
AFRICA,,,,,,,,,,,,
AFTER,,,,,,,,,,,,
AFTERNOON, EVERY AFTERNOON,,,,,,,,,,,
AGAIN, REPEAT,,,,,,,,,,,
AGAINST, OPPOSED/ANTI/CON,,,,,,,,,,,
AGENT,,,,,,,,,,,,
AGGRESSIVE,,,,,,,,,,,,
AGREE,,,,,,,,,,,,
AIDE,,,,,,,,,,,,
AIR,,,,,,,,,,,,
AIRPLANE,,,,,,,,,,,,
ALCOHOL,,,,,,,,,,,,
ALCOHOLIC,,,,,,,,,,,,
ALL,,,,,,,,,,,,
ALL-OVER/-DOM, FIELD,,,,,,,,,,,
ALLERGY,,,,,,,,,,,,
ALLIGATOR,,,,,,,,,,,,
ALLOW, PERMIT,,,,,,,,,,,
ALMOST,,,,,,,,,,,,
ALMOST, EASY,,,,,,,,,,,
ALOHA,,,,,,,,,,,,
ALONE, SINGLE,,,,,,,,,,,
ALPHABET,,,,,,,,,,,,
ALRIGHT,,,,,,,,,,,,
ALSO,,,,,,,,,,,,
ALTOGETHER, TOTAL, SUM,,,,,,,,,,
ALWAYS,,,,,,,,,,,,
AM (NOT ASL),,,,,,,,,,,,
AMBULANCE, LIGHT,,,,,,,,,,,
AMERICA,,,,,,,,,,,,
AMERICAN,,,,,,,,,,,,
AMERICAN: NATIVE AMERICAN,,,,,,,,,,,,
AMISH,,,,,,,,,,,,
AMOUNT,,,,,,,,,,,,
AN (NOT ASL),,,,,,,,,,,,
AND,,,,,,,,,,,,
ANGEL,,,,,,,,,,,,
ANGRY,,,,,,,,,,,,
ANIMAL,,,,,,,,,,,,
ANIMALS,,,,,,,,,,,,
ANNUALLY,,,,,,,,,,,,
ANSWER,,,,,,,,,,,,
ANT,,,,,,,,,,,,
ANTHROPOLOGY,,,,,,,,,,,,
ANXIOUS,,,,,,,,,,,,
ANY,,,,,,,,,,,,
APARTMENT,,,,,,,,,,,,
APE,,,,,,,,,,,,
APPEAR,,,,,,,,,,,,
APPLAUSE,,,,,,,,,,,,
APPLE,,,,,,,,,,,,
APPLY,,,,,,,,,,,,
APPOINTMENT,,,,,,,,,,,,
APPRECIATE,,,,,,,,,,,,
APPROXIMATELY,,,,,,,,,,,,
ARE (NOT ASL),,,,,,,,,,,,
AREA,,,,,,,,,,,,
ARGUE,,,,,,,,,,,,
ARIZONA,,,,,,,,,,,,
ARMY,,,,,,,,,,,,
AROUND, APPROXIMATELY,,,,,,,,,,,
ARRIVE,,,,,,,,,,,,
ART, DRAW,,,,,,,,,,,
ARTHRITIS,,,,,,,,,,,,
ARTICLE, COLUMN,,,,,,,,,,,
ARTICLE/COLUMN, CL:C,,,,,,,,,,,
ASK, ASK-TO, INQUIRE, REQUEST,,,,,,,,,
ASSAULT,,,,,,,,,,,,
ASSIGNMENT,,,,,,,,,,,,
ASTERISK,,,,,,,,,,,,
AT,,,,,,,,,,,,
ATLANTA,,,,,,,,,,,,
ATM,,,,,,,,,,,,
ATTENTION,,,,,,,,,,,,
AUDIENCE,,,,,,,,,,,,
AUNT,,,,,,,,,,,,
AUSTRALIA,,,,,,,,,,,,
AUTISM,,,,,,,,,,,,
AUTUMN,,,,,,,,,,,,
AVERAGE,,,,,,,,,,,,
AVOCADO,,,,,,,,,,,,
AWAY,,,,,,,,,,,,
AWESOME,,,,,,,,,,,,
AWFUL, TERRIBLE,,,,,,,,,,,
AWKWARD," CLUMSY""",,,,,,,,,,,
BABYSITTER,,,,,,,,,,,,
BACHELOR,,,,,,,,,,,,
BACK, #BACK,,,,,,,,,,,
BACK-STAB,,,,,,,,,,,,
BACKPACK,,,,,,,,,,,,
BAD,,,,,,,,,,,,
BAG,,,,,,,,,,,,
BAKE,,,,,,,,,,,,
BALD,,,,,,,,,,,,
BALL,,,,,,,,,,,,
BALLOON,,,,,,,,,,,,
BALTIMORE,,,,,,,,,,,,
BANANA,,,,,,,,,,,,
BANDAGE,,,,,,,,,,,,
BANK, #BANK-(LEXICALIZED),,,,,,,,,,,
BAPTIZE,,,,,,,,,,,,
BARBER,,,,,,,,,,,,
BASEBALL,,,,,,,,,,,,
BASEMENT,,,,,,,,,,,,
BASKET,,,,,,,,,,,,
BASKETBALL,,,,,,,,,,,,
BASSOON,,,,,,,,,,,,
BAT,,,,,,,,,,,,
BATHROOM,,,,,,,,,,,,
BATHTUB,,,,,,,,,,,,
BATTERY,,,,,,,,,,,,
BE,"  """"BE VERBS""""",,,,,,,,,,,
BEACH,,,,,,,,,,,,
BEAR,,,,,,,,,,,,
BEARD,,,,,,,,,,,,
BECAUSE,,,,,,,,,,,,
BECOME,,,,,,,,,,,,
BED,,,,,,,,,,,,
"BED-""""GO MAKE YOUR BED""""",,,,,,,,,,,,
BEDROOM,,,,,,,,,,,,
BEE,,,,,,,,,,,,
BEEF,,,,,,,,,,,,
BEEN,,,,,,,,,,,,
BEER,,,,,,,,,,,,
BEFORE,,,,,,,,,,,,
BEGIN / START,,,,,,,,,,,,
BEHAVE,,,,,,,,,,,,
BEHAVIOR,,,,,,,,,,,,
BEHIND, WITH,,,,,,,,,,,
BELIEVE,,,,,,,,,,,,
BELL,,,,,,,,,,,,
BELLYBUTTON,,,,,,,,,,,,
BELOW,,,,,,,,,,,,
BELT,,,,,,,,,,,,
BENCH,,,,,,,,,,,,
BENEATH, BELOW,,,,,,,,,,,
BERRY,,,,,,,,,,,,
BEST,,,,,,,,,,,,
BETTER,,,,,,,,,,,,
BETWEEN,,,,,,,,,,,,
BICEPS,,,,,,,,,,,,
BICYCLE, BIKE, RIDE-BIKE,,,,,,,,,,
BIG/[SMALL,,,,,,,,,,,,
BINOCULARS,,,,,,,,,,,,
BIRD,,,,,,,,,,,,
BIRTH, BORN,,,,,,,,,,,
BIRTHDAY,,,,,,,,,,,,
BITE,,,,,,,,,,,,
BLACK,,,,,,,,,,,,
BLACKBOARD,,,,,,,,,,,,
BLAME, FAULT, SEE,,,,,,,,,,
BLANKET,,,,,,,,,,,,
BLOCK,,,,,,,,,,,,
BLOOD,,,,,,,,,,,,
"BLOOD: """"DRAW-BLOOD""""",,,,,,,,,,,,
BLOUSE, SHIRT,,,,,,,,,,,
BLOW-DRY,,,,,,,,,,,,
BLUE,,,,,,,,,,,,
BLUE-RAY BLURT,,,,,,,,,,,,
BO STAFF,,,,,,,,,,,,
BOAT,,,,,,,,,,,,
BODY,,,,,,,,,,,,
BODY-PARTS,,,,,,,,,,,,
BOLD,,,,,,,,,,,,
BOOK, OPEN BOOK, CLOSE BOOK, BOOKSTORE,,,,,,,,,
BOOKSTORE,,,,,,,,,,,,
BOOTS,,,,,,,,,,,,
BORED,,,,,,,,,,,,
BORN,,,,,,,,,,,,
BORROW, LOAN,,,,,,,,,,,
BOSS,,,,,,,,,,,,
BOSTON,,,,,,,,,,,,
BOTH,,,,,,,,,,,,
BOTHER,,,,,,,,,,,,
BOTTLE, CUP,,,,,,,,,,,
BOTTOM,,,,,,,,,,,,
BOUQUET,,,,,,,,,,,,
BOW-TIE,,,,,,,,,,,,
BOWEL MOVEMENT,,,,,,,,,,,,
BOWL,,,,,,,,,,,,
BOWLING,,,,,,,,,,,,
BOX,,,,,,,,,,,,
BOY, MALE, MAN,,,,,,,,,,
BRA,,,,,,,,,,,,
BRACELET,,,,,,,,,,,,
BRAIN,,,,,,,,,,,,
BRANCH,,,,,,,,,,,,
BRAVE,,,,,,,,,,,,
BREAD,,,,,,,,,,,,
BREAK,,,,,,,,,,,,
BREAK-DOWN,,,,,,,,,,,,
BREAK-UP,,,,,,,,,,,,
BREAKFAST,,,,,,,,,,,,
BREASTFEED,,,,,,,,,,,,
BREATHE,,,,,,,,,,,,
BRIDESMAID,,,,,,,,,,,,
BRIDGE,,,,,,,,,,,,
BRIGHT,,,,,,,,,,,,
BRING, CARRY,,,,,,,,,,,
BROKE-(FINANCIALLY),,,,,,,,,,,,
BROTHER, BOY, MALE, MAN, SAME, RIGHT ,,,,,,,
BROWN,,,,,,,,,,,,
BRUISE,,,,,,,,,,,,
BRUSH,,,,,,,,,,,,
BRUSH-TEETH,,,,,,,,,,,,
BS,,,,,,,,,,,,
BUG,,,,,,,,,,,,
BUILD,,,,,,,,,,,,
BUILDING,,,,,,,,,,,,
BULLY,,,,,,,,,,,,
BUM,,,,,,,,,,,,
BUNK-BED,,,,,,,,,,,,
BURRITO,,,,,,,,,,,,
BUS,,,,,,,,,,,,
BUSINESS, BUSY,,,,,,,,,,,
BUSY, #BUSY-(LEXICALIZED),,,,,,,,,,,
BUT,,,,,,,,,,,,
BUTTER,,,,,,,,,,,,
BUTTERFLY,,,,,,,,,,,,
BUTTON,,,,,,,,,,,,
BUY,,,,,,,,,,,,
BUZZ-CUT,,,,,,,,,,,,
BY,,,,,,,,,,,,
BY-A-HAIR," CLOSE!""",,,,,,,,,,,
CAFETERIA, RESTAURANT, BACHELOR,,,,,,,,,,
CAFFEINE,,,,,,,,,,,,
CAKE,,,,,,,,,,,,
CALIFORNIA, GOLD,,,,,,,,,,,
CALL,,,,,,,,,,,,
CALM-DOWN, DOWN,,,,,,,,,,,
CAMP, TENT,,,,,,,,,,,
CAMPER,,,,,,,,,,,,
CAN-(CONTAINER), CUP,,,,,,,,,,,
CAN, ABLE, MAY, POSSIBLE,,,,,,,,,
CANÊÉ¢,,,,,,,,,,,,
CANADA,,,,,,,,,,,,
CANADA,,,,,,,,,,,,
CANCEL,,,,,,,,,,,,
CANCER,,,,,,,,,,,,
CANDIDATE, APPLY,,,,,,,,,,,
CANDY,,,,,,,,,,,,
CAR/[ DRIVE,,,,,,,,,,,,
CARD,,,,,,,,,,,,
CAREFUL,,,,,,,,,,,,
CARELESS,,,,,,,,,,,,
CARIBOU,,,,,,,,,,,,
CARPENTER, DO WOODWORK,,,,,,,,,,,
CARPOOL,,,,,,,,,,,,
CARPOOL,,,,,,,,,,,,
CARTOON,,,,,,,,,,,,
CAT, KITTEN,,,,,,,,,,,
CATEGORY,,,,,,,,,,,,
CAUCASIAN,,,,,,,,,,,,
CAVE,,,,,,,,,,,,
CELL-PHONE,,,,,,,,,,,,
CEMETERY,,,,,,,,,,,,
CENTER,,,,,,,,,,,,
CENTS,,,,,,,,,,,,
CENTURY,,,,,,,,,,,,
CEREAL,,,,,,,,,,,,
CHAIN,,,,,,,,,,,,
CHAIR, SIT,,,,,,,,,,,
CHAMP OR CHAMPION,,,,,,,,,,,,
CHANCE,,,,,,,,,,,,
CHANGE, ADAPT, CONVERT, COINS,,,,,,,,,
CHARACTER,,,,,,,,,,,,
CHASE,,,,,,,,,,,,
CHAT,,,,,,,,,,,,
CHEAP,,,,,,,,,,,,
CHEAT,,,,,,,,,,,,
CHECK (ENVELOPE / CARD),,,,,,,,,,,,
CHEESE,,,,,,,,,,,,
CHEW,,,,,,,,,,,,
CHICAGO,,,,,,,,,,,,
CHICKEN,,,,,,,,,,,,
CHICKEN_NUGGETS,,,,,,,,,,,,
CHILD,,,,,,,,,,,,
CHIMNEY,,,,,,,,,,,,
CHINA, CHINESE, ASIAN,,,,,,,,,,
CHIPS,,,,,,,,,,,,
CHOCOLATE,,,,,,,,,,,,
CHRIST,,,,,,,,,,,,
CHRISTMAS,,,,,,,,,,,,
CHURCH,,,,,,,,,,,,
CIGARETTE,,,,,,,,,,,,
CITY,,,,,,,,,,,,
CL:3,,,,,,,,,,,,
CL:4," """"LINE OF PEOPLE",""""" """"CURTAINS""""",,,,,,,,,,
CL:5, SCADS OF,,,,,,,,,,,
CL:A,,,,,,,,,,,,
CL:B, ROOF, FLAT, WALL,,,,,,,,,
CL:C, THICK THINGS, ROUND POLE-LIKE THINGS,,,,,,,,,,
CL:G, THINNESS¬†,,,,,,,,,,,
CL:L(BENT), LARGE, BIG-HEADED/EGOISTIC/CONCEITED, CHECK, CARD, SQUARE,,,,,,,
CL:V, STAND, WALK-TO, LAY DOWN, TOSS-AND-TURN, DIVE, JUMP, SKATE BOARD, SCOOTER, GET UP,,,
CLASS,,,,,,,,,,,,
CLASS, FAMILY,,,,,,,,,,,
CLASSIFIERS,,,,,,,,,,,,
CLEAN,,,,,,,,,,,,
CLEAR,,,,,,,,,,,,
CLEVER,,,,,,,,,,,,
CLIMB,,,,,,,,,,,,
CLOCK,,,,,,,,,,,,
CLOSE,,,,,,,,,,,,
CLOSE-CAPTIONED,,,,,,,,,,,,
CLOSE-THE-WINDOW,,,,,,,,,,,,
CLOSET,,,,,,,,,,,,
CLOTHES,,,,,,,,,,,,
CLOTHES, DRESS,,,,,,,,,,,
CLUB, #CLUB-(LEXICALIZED),,,,,,,,,,,
CLUSTER,,,,,,,,,,,,
COAT, JACKET,,,,,,,,,,,
COAT-ANIMAL,,,,,,,,,,,,
COCHLEAR IMPLANT,,,,,,,,,,,,
COFFEE,,,,,,,,,,,,
COIN,,,,,,,,,,,,
COINS, ALSO CL:F,,,,,,,,,,,
COKE,,,,,,,,,,,,
COLD, REFRIGERATOR,,,,,,,,,,,
COLLECT,,,,,,,,,,,,
COLLEGE, UNIVERSITY,,,,,,,,,,,
COLOR,,,,,,,,,,,,
COLORING,,,,,,,,,,,,
COMB,,,,,,,,,,,,
COME-ON [COME/GO,,,,,,,,,,,,
COME/[GO, COME ON, GO-THERE, GO-TO, ATTEND,,,,,,,,
COMMON SENSE,,,,,,,,,,,,
COMMUNICATION,,,,,,,,,,,,
COMMUTE,,,,,,,,,,,,
COMPLAIN,,,,,,,,,,,,
COMPLIMENT,,,,,,,,,,,,
COMPUTER,,,,,,,,,,,,
CONCLUDE,,,,,,,,,,,,
CONFLICT,,,,,,,,,,,,
CONGRATULATIONS,,,,,,,,,,,,
CONNECT,,,,,,,,,,,,
CONSTRUCTION,,,,,,,,,,,,
CONTAINER,,,,,,,,,,,,
CONTENTION,,,,,,,,,,,,
CONTINENT (COUNTRY),,,,,,,,,,,,
CONTINUE,,,,,,,,,,,,
CONVINCE,,,,,,,,,,,,
COOK,,,,,,,,,,,,
COOKIE,,,,,,,,,,,,
COOL (SPIFFY),,,,,,,,,,,,
COOL (TEMPERATURE),,,,,,,,,,,,
COPE,,,,,,,,,,,,
COPY,,,,,,,,,,,,
CORN,,,,,,,,,,,,
CORNER,,,,,,,,,,,,
COST, TAX, FINE, FEE,,,,,,,,,
COUCH,,,,,,,,,,,,
COUGH,,,,,,,,,,,,
COUNSEL,,,,,,,,,,,,
COUNT, ACCOUNTANT,,,,,,,,,,,
COUNT-ON, DEPEND,,,,,,,,,,,
COUNTRY,,,,,,,,,,,,
COURT, IF,,,,,,,,,,,
COUSIN,,,,,,,,,,,,
COVER, SHELL,,,,,,,,,,,
COW,,,,,,,,,,,,
COWBOY,,,,,,,,,,,,
CRACK,,,,,,,,,,,,
CRASH,,,,,,,,,,,,
CRAZY, NUTS, CRAZY-ABOUT,,,,,,,,,,
CREATE,,,,,,,,,,,,
CREATOR,,,,,,,,,,,,
CRITICIZE,,,,,,,,,,,,
CROCHET,,,,,,,,,,,,
CROCODILE,,,,,,,,,,,,
CROSSWALK,,,,,,,,,,,,
CRUEL,,,,,,,,,,,,
CRUSH,,,,,,,,,,,,
CRY (4),,,,,,,,,,,,
CUBBY,,,,,,,,,,,,
CULTURE,,,,,,,,,,,,
CUP,,,,,,,,,,,,
CUPCAKE,,,,,,,,,,,,
CURLEY-HAIR,,,,,,,,,,,,
CURTAINS,,,,,,,,,,,,
"CUT IT OUT!""",,,,,,,,,,,,
CUTE, SUGAR,,,,,,,,,,,
DAILY,,,,,,,,,,,,
DAIRY,,,,,,,,,,,,
DALLAS,,,,,,,,,,,,
DANCE,,,,,,,,,,,,
DANCER,,,,,,,,,,,,
DANDELION,,,,,,,,,,,,
DANGER,,,,,,,,,,,,
DARK,,,,,,,,,,,,
DATE,,,,,,,,,,,,
DAUGHTER, BABY,,,,,,,,,,,
DAY,,,,,,,,,,,,
DAYS OF THE WEEK,,,,,,,,,,,,
DEAD,,,,,,,,,,,,
DEAF,,,,,,,,,,,,
DEAF-SCHOOL,,,,,,,,,,,,
DEAFHOOD,,,,,,,,,,,,
DEAFNESS,,,,,,,,,,,,
DEAR,,,,,,,,,,,,
DECIDE, DETERMINE,,,,,,,,,,,
DECIMAL,,,,,,,,,,,,
DECLINE , DETERIORATE,,,,,,,,,,,
DECORATE,,,,,,,,,,,,
DECREASE,,,,,,,,,,,,
DEER,,,,,,,,,,,,
DELICIOUS,,,,,,,,,,,,
DENTIST,,,,,,,,,,,,
DENY,,,,,,,,,,,,
DEPEND,,,,,,,,,,,,
DEPLETE, GONE,,,,,,,,,,,
DEPOSIT,,,,,,,,,,,,
DEPRESSED,,,,,,,,,,,,
DESK, TABLE,,,,,,,,,,,
DESSERT,,,,,,,,,,,,
DESTROY,,,,,,,,,,,,
DETROIT,,,,,,,,,,,,
DEVELOP,,,,,,,,,,,,
DIABETES,,,,,,,,,,,,
DIAPER,,,,,,,,,,,,
DICTIONARY,,,,,,,,,,,,
DIDN'T,,,,,,,,,,,,
DIE,,,,,,,,,,,,
DIET,,,,,,,,,,,,
DIFFERENT,,,,,,,,,,,,
DIFFICULT,,,,,,,,,,,,
DIG,,,,,,,,,,,,
DINNER,,,,,,,,,,,,
DINOSAUR,,,,,,,,,,,,
DIRT,,,,,,,,,,,,
DIRTY,,,,,,,,,,,,
DIRTY-MINDED,,,,,,,,,,,,
DISABLED,,,,,,,,,,,,
DISAGREE, OPPOSITE,,,,,,,,,,,
DISAPPEAR,,,,,,,,,,,,
DISCOVER,,,,,,,,,,,,
DISCUSS,,,,,,,,,,,,
DISGUSTED,,,,,,,,,,,,
DISH, PLATE,,,,,,,,,,,
DISNEYLAND,,,,,,,,,,,,
DISTANCE,,,,,,,,,,,,
DIVIDE,,,,,,,,,,,,
DIVORCE,,,,,,,,,,,,
DIZZY,,,,,,,,,,,,
DO, BEHAVIOR/ACTION,,,,,,,,,,,
DO-WHAT? [#DO-(LEXICALIZED),,,,,,,,,,,,
DOCTOR,,,,,,,,,,,,
DOCTOR/[NURSE,,,,,,,,,,,,
DOG,,,,,,,,,,,,
DOLL,,,,,,,,,,,,
DOLLAR,,,,,,,,,,,,
DOLPHIN,,,,,,,,,,,,
DON'T,,,,,,,,,,,,
DON'T-CARE,,,,,,,,,,,,
DON'T-FORGET,,,,,,,,,,,,
DON'T-HAVE,,,,,,,,,,,,
DON'T-KNOW,,,,,,,,,,,,
DON'T-LIKE,,,,,,,,,,,,
DON'T-MIND,,,,,,,,,,,,
DON'T-WANT,,,,,,,,,,,,
DONE-(FINISH),,,,,,,,,,,,
DONKEY, STUBBORN,,,,,,,,,,,
DONUT,,,,,,,,,,,,
DOOR, OPEN, OPEN DOOR, CLOSE DOOR,,,,,,,,,
DORM,,,,,,,,,,,,
DOTS,,,,,,,,,,,,
DOUGH,,,,,,,,,,,,
DOWN, DOWNSTAIRS, CALM-DOWN,,,,,,,,,,
DOZEN,,,,,,,,,,,,
DR. PEPPER,,,,,,,,,,,,
DRAW, ART,,,,,,,,,,,
DRAW-OUT,,,,,,,,,,,,
DRAWER, OPEN DRAWER, CLOSE DRAWER,,,,,,,,,,
DREAM,,,,,,,,,,,,
DRESS,,,,,,,,,,,,
DRESSER,,,,,,,,,,,,
DRIBBLE,,,,,,,,,,,,
DRILL,,,,,,,,,,,,
DRINK,,,,,,,,,,,,
DRIVE,,,,,,,,,,,,
DROP,,,,,,,,,,,,
DRUNK,,,,,,,,,,,,
DRYER, DRY,,,,,,,,,,,
DUCK,,,,,,,,,,,,
DUMP,,,,,,,,,,,,
DURING, WHILE,,,,,,,,,,,
DUTY, OBLIGATION,,,,,,,,,,,
"DVD""",,,,,,,,,,,,
EAGLE,,,,,,,,,,,,
EARLY,,,,,,,,,,,,
EARN,,,,,,,,,,,,
EARS,,,,,,,,,,,,
EARTH, PLANET,,,,,,,,,,,
EARTH-QUAKE, PLANET,,,,,,,,,,,
EAST,,,,,,,,,,,,
EASTER,,,,,,,,,,,,
EASY, ALMOST,,,,,,,,,,,
EAT, FOOD,,,,,,,,,,,
EBOLA,,,,,,,,,,,,
EGG,,,,,,,,,,,,
EITHER,,,,,,,,,,,,
ELECTRICITY,,,,,,,,,,,,
ELEMENTARY,,,,,,,,,,,,
ELEPHANT,,,,,,,,,,,,
ELEVATOR,,,,,,,,,,,,
ELIS,,,,,,,,,,,,
EMAIL,,,,,,,,,,,,
EMBARRASSED,,,,,,,,,,,,
EMBASSY,,,,,,,,,,,,
EMERGENCY,,,,,,,,,,,,
EMOTION,,,,,,,,,,,,
ENCORE,,,,,,,,,,,,
ENCOURAGE,,,,,,,,,,,,
END,,,,,,,,,,,,
ENGLAND, ENGLISH, BRITISH,,,,,,,,,,
ENGLISH,,,,,,,,,,,,
ENJOY, APPRECIATE,,,,,,,,,,,
ENOUGH, GOOD-ENOUGH, PLENTY,,,,,,,,,,
ENTER, IN,,,,,,,,,,,
ENTHUSIASTIC,,,,,,,,,,,,
ENVIRONMENT,,,,,,,,,,,,
EQUAL, FAIR, LEVEL,,,,,,,,,,
ERASE,,,,,,,,,,,,
ESTABLISH,,,,,,,,,,,,
ESTABLISH, SET-UP,,,,,,,,,,,
ETCETERA,,,,,,,,,,,,
ETERNITY,,,,,,,,,,,,
EURO,,,,,,,,,,,,
EUROPE,,,,,,,,,,,,
EVAPORATE,,,,,,,,,,,,
EVERY,,,,,,,,,,,,
EVERYDAY,,,,,,,,,,,,
EVERYWHERE,,,,,,,,,,,,
EXACT, PERFECT,,,,,,,,,,,
EXAGGERATE,,,,,,,,,,,,
EXAM,,,,,,,,,,,,
EXAMPLE , SHOW,,,,,,,,,,,
EXCHANGE, TRADE,,,,,,,,,,,
EXCITED,,,,,,,,,,,,
EXCUSE, LAY-OFF/PARDON/RELEASE/ (4),,,,,,,,,,,
EXERCISE,,,,,,,,,,,,
EXIT,,,,,,,,,,,,
EXPENSIVE,,,,,,,,,,,,
EXPERIENCE,,,,,,,,,,,,
EXPERT,,,,,,,,,,,,
EXPIRE,,,,,,,,,,,,
EXPLAIN, DESCRIBE, DIRECTIONS,,,,,,,,,,
"EYES""",,,,,,,,,,,,
FACEBOOK,,,,,,,,,,,,
FACTORY,,,,,,,,,,,,
FAIL,,,,,,,,,,,,
FAIRY,,,,,,,,,,,,
FALL,,,,,,,,,,,,
FALL, AUTUMN, CL:V,,,,,,,,,,
FALL-IN-LOVE,,,,,,,,,,,,
FALSE,,,,,,,,,,,,
FAMILIAR,,,,,,,,,,,,
FAMILY, CLASS, GROUP, TEAM, CATEGORY, CLUSTER,,,,,,,
FANCY,,,,,,,,,,,,
"FAR-(""""A"""" HAND"," """"INDEX FINGER)", DISTANT,,,,,,,,,,
FARM,,,,,,,,,,,,
FART,,,,,,,,,,,,
FAST, QUICK, SPEED, IMMEDIATELY,,,,,,,,,
FAT, OBESE,,,,,,,,,,,
FATHER,,,,,,,,,,,,
FAULT,,,,,,,,,,,,
FAVORITE, PREFER,,,,,,,,,,,
FEAR,,,,,,,,,,,,
FEATHER,,,,,,,,,,,,
FEDERAL,,,,,,,,,,,,
FEED, NOURISH, SPEND,,,,,,,,,,
FEEL,,,,,,,,,,,,
FEET,,,,,,,,,,,,
FENCE,,,,,,,,,,,,
FERRET,,,,,,,,,,,,
FEW, SEVERAL,,,,,,,,,,,
FICTION,,,,,,,,,,,,
FIELD, ALL-OVER, -DOM, -HOOD, LAND, AREA, GROUND,,,,,,
FIGHT,,,,,,,,,,,,
FIGURE-OUT,,,,,,,,,,,,
FILE,,,,,,,,,,,,
FILLER-SIGNS,,,,,,,,,,,,
FIND, DISCOVER, PICK-UP,,,,,,,,,,
FINE/[COOL, SWELL,,,,,,,,,,,
FINGERSPELL,,,,,,,,,,,,
FINGERSPELLING-WORKSHOP,,,,,,,,,,,,
FINISH-(DONE),,,,,,,,,,,,
FIRE,,,,,,,,,,,,
FIRE-(TERMINATE), EXCOMMUNICATE,,,,,,,,,,,
FIREFLY,,,,,,,,,,,,
FIREMAN,,,,,,,,,,,,
FIREWORKS,,,,,,,,,,,,
FIRST,,,,,,,,,,,,
FISH,,,,,,,,,,,,
FISHERMAN,,,,,,,,,,,,
FIX, #FIX,,,,,,,,,,,
FLASH-LIGHTS,,,,,,,,,,,,
FLAT-(TIRE) (SURFACE),,,,,,,,,,,,
FLATTERY,,,,,,,,,,,,
FLOOR,,,,,,,,,,,,
FLOPPY DISK,,,,,,,,,,,,
FLORIDA,,,,,,,,,,,,
FLOWER,,,,,,,,,,,,
FLUNK,,,,,,,,,,,,
FLY,,,,,,,,,,,,
FLY-(INSECT),,,,,,,,,,,,
FOLLOW, WITH,,,,,,,,,,,
FOOD, EAT,,,,,,,,,,,
FOOL,,,,,,,,,,,,
FOOT,,,,,,,,,,,,
FOOTBALL,,,,,,,,,,,,
FOR, WHAT FOR,,,,,,,,,,,
FORCE,,,,,,,,,,,,
FOREST,,,,,,,,,,,,
FOREVER,,,,,,,,,,,,
FORGET,,,,,,,,,,,,
FORGIVE,,,,,,,,,,,,
FORK,,,,,,,,,,,,
FOX,,,,,,,,,,,,
FRACTIONS, NUMBERS,,,,,,,,,,,
FREE, INDEPENDENT, LIBERATED, SAFE,,,,,,,,,
FREEWAY, HIGHWAY,,,,,,,,,,,
FREEZE,,,,,,,,,,,,
FRENCH-FRIES,,,,,,,,,,,,
FRENCH-TOAST,,,,,,,,,,,,
FRESHMAN,,,,,,,,,,,,
FRIDAY,,,,,,,,,,,,
FRIEND, GOOD-FRIEND, BOY-FRIEND, GIRL-FRIEND (4),,,,,,,,,
FRIENDLY, PLEASANT, CHEERFUL,,,,,,,,,,
FRISBEE,,,,,,,,,,,,
FROG,,,,,,,,,,,,
FROM,,,,,,,,,,,,
FROM-NOW-ON,,,,,,,,,,,,
FROM-TIME-TO-TIME,,,,,,,,,,,,
FRONT,,,,,,,,,,,,
FRUGAL,,,,,,,,,,,,
FRUIT,,,,,,,,,,,,
FRUSTRATED,,,,,,,,,,,,
FULL,,,,,,,,,,,,
FUN,,,,,,,,,,,,
FUNNY,,,,,,,,,,,,
FURNITURE,,,,,,,,,,,,
FUTURE, LATER, WILL, SOMEDAY," FAR IN THE FUTURE""",,,,,,,,
GALLON,,,,,,,,,,,,
GAME, CHALLENGE,,,,,,,,,,,
GARAGE,,,,,,,,,,,,
GARBAGE,,,,,,,,,,,,
GARLIC,,,,,,,,,,,,
GAS , FART,,,,,,,,,,,
GAS , GASOLINE,,,,,,,,,,,
GAS-STATION,,,,,,,,,,,,
GAY,,,,,,,,,,,,
GENDER,,,,,,,,,,,,
GENTLE,,,,,,,,,,,,
GERMANY,,,,,,,,,,,,
GET, ACQUIRE,,,,,,,,,,,
GET-ALONG,,,,,,,,,,,,
GET-IN,,,,,,,,,,,,
GET-ON,,,,,,,,,,,,
GHOST,,,,,,,,,,,,
GIANT,,,,,,,,,,,,
GIRAFFE,,,,,,,,,,,,
GIRL, WOMAN, LADY,,,,,,,,,,
GIVE, HAND TO,,,,,,,,,,,
GIVE-UP, SACRIFICE,,,,,,,,,,,
GLASS, CUP,,,,,,,,,,,
GLASSES, GALLAUDET,,,,,,,,,,,
GO, ALSO COME,,,,,,,,,,,
GO-AHEAD,,,,,,,,,,,,
GO-TO-BED,,,,,,,,,,,,
GOAL,,,,,,,,,,,,
GOAT,,,,,,,,,,,,
GOD,,,,,,,,,,,,
"GOD: """"GOD IS AWESOME""""",,,,,,,,,,,,
GOLD/SILVER,,,,,,,,,,,,
GONE, ABSENT, DEPLETE, RUN- OUT- OF,,,,,,,,,
GOOD,,,,,,,,,,,,
GOOD-NIGHT,,,,,,,,,,,,
GOOD-NIGHT-MOON,,,,,,,,,,,,
GOODBYE,,,,,,,,,,,,
GORILLA,,,,,,,,,,,,
GOSSIP,,,,,,,,,,,,
GOVERNMENT,,,,,,,,,,,,
GRACE,,,,,,,,,,,,
GRADE,,,,,,,,,,,,
GRADUATE,,,,,,,,,,,,
GRAIN,,,,,,,,,,,,
GRANDDAUGHTER,,,,,,,,,,,,
GRANDMA,,,,,,,,,,,,
GRANDPA,,,,,,,,,,,,
GRANDSON,,,,,,,,,,,,
GRANT-GIVE,,,,,,,,,,,,
GRAPES,,,,,,,,,,,,
GRAPH,,,,,,,,,,,,
GRASS, HAY,,,,,,,,,,,
GRATITUDE,,,,,,,,,,,,
GRAVE,,,,,,,,,,,,
GRAVY,,,,,,,,,,,,
GRAY,,,,,,,,,,,,
GREAT, WONDERFUL,,,,,,,,,,,
GREEN,,,,,,,,,,,,
GRITS,,,,,,,,,,,,
GROUP, FAMILY,,,,,,,,,,,
GROW,,,,,,,,,,,,
GUARDED,,,,,,,,,,,,
GUARDED,,,,,,,,,,,,
GUEST,,,,,,,,,,,,
GUINEA-PIG,,,,,,,,,,,,
GYM,,,,,,,,,,,,
"GYMNASTICS""",,,,,,,,,,,,
HABIT, RELIGIOUS-GARMENT,,,,,,,,,,,
HAIR,,,,,,,,,,,,
HAIR-BUZZ,,,,,,,,,,,,
HAIR-RAISING,,,,,,,,,,,,
HAIRCUT,,,,,,,,,,,,
HALF,,,,,,,,,,,,
HALF-HOUR,,,,,,,,,,,,
HALL,,,,,,,,,,,,
HALLOWEEN,,,,,,,,,,,,
HAM,,,,,,,,,,,,
HAMBURGER,,,,,,,,,,,,
HAMMER,,,,,,,,,,,,
HAND,,,,,,,,,,,,
HANDSHAPES,,,,,,,,,,,,
HANUKKAH (OR CHANUKAH),,,,,,,,,,,,
HAPPEN,,,,,,,,,,,,
HAPPY,,,,,,,,,,,,
HARD, TOUGH, DIFFICULT, PROBLEM,,,,,,,,,
HARD-OF-HEARING,,,,,,,,,,,,
HAT,,,,,,,,,,,,
HAUNTED-HOUSE,,,,,,,,,,,,
HAVE,,,,,,,,,,,,
HAVE-TO [NEED/MUST,,,,,,,,,,,,
HAWAII,,,,,,,,,,,,
HE,,,,,,,,,,,,
HEAD,,,,,,,,,,,,
HEAD-COLD,,,,,,,,,,,,
HEADPHONES,,,,,,,,,,,,
HEAL /HEALTHY,,,,,,,,,,,,
HEALTH, BODY,,,,,,,,,,,
HEAR, SOUND,,,,,,,,,,,
HEARING,,,,,,,,,,,,
HEARING-AID,,,,,,,,,,,,
HEART,,,,,,,,,,,,
HEART-ATTACK,,,,,,,,,,,,
HEAVY,,,,,,,,,,,,
HELEN KELLER,,,,,,,,,,,,
HELICOPTER,,,,,,,,,,,,
HELLO,,,,,,,,,,,,
HELP HERE,,,,,,,,,,,,
HERMIT,,,,,,,,,,,,
HEY,,,,,,,,,,,,
HI,,,,,,,,,,,,
HIDE,,,,,,,,,,,,
HIGH,,,,,,,,,,,,
HIGH-SCHOOL,,,,,,,,,,,,
HIKE, CL:V,,,,,,,,,,,
HIPPIE,,,,,,,,,,,,
HIPPOPOTAMUS,,,,,,,,,,,,
HIRE, INVITE, INTRODUCE, WELCOME,,,,,,,,,
HIS, POSSESSION,,,,,,,,,,,
HISTORY,,,,,,,,,,,,
HIT,,,,,,,,,,,,
HOCKEY,,,,,,,,,,,,
HOLIDAY,,,,,,,,,,,,
HOLLAND,,,,,,,,,,,,
HOLLAND,,,,,,,,,,,,
HOME,,,,,,,,,,,,
HOMEWORK,,,,,,,,,,,,
HONEY-I-SHRUNK-THE-AUDIENCE,,,,,,,,,,,,
HONOR,,,,,,,,,,,,
HORSE,,,,,,,,,,,,
HOSPITAL,,,,,,,,,,,,
HOT,,,,,,,,,,,,
HOT-AIR-BALLOON,,,,,,,,,,,,
HOTDOG,,,,,,,,,,,,
HOTEL,,,,,,,,,,,,
HOUR, 1/2-HOUR, NUMERICAL INCORPORATION,,,,,,,,,,
HOUSE,,,,,,,,,,,,
HOUSTON,,,,,,,,,,,,
HOW,,,,,,,,,,,,
HOW WAS YOUR DAY?,,,,,,,,,,,,
HOW-MANY, MANY,,,,,,,,,,,
HOW-MUCH,,,,,,,,,,,,
HUG,,,,,,,,,,,,
HUH?,,,,,,,,,,,,
HUMBLE,,,,,,,,,,,,
HUMMINGBIRD,,,,,,,,,,,,
HUMP,,,,,,,,,,,,
HUNGRY, WISH,,,,,,,,,,,
HURRY, RUSH,,,,,,,,,,,
HURT [PAIN, INJURY,,,,,,,,,,,
HUSBAND," MARRIAGE""",,,,,,,,,,,
HUSH,,,,,,,,,,,,
"I AM""""",,,,,,,,,,,,
I-PAD,,,,,,,,,,,,
ICE, #ICE-(LEXICALIZED),,,,,,,,,,,
ICE-CREAM,,,,,,,,,,,,
ICE-SKATE, ROLLER-BLADE,,,,,,,,,,,
IDEA,,,,,,,,,,,,
IF, #IF-(LEXICALIZED),,,,,,,,,,,
IMMIGRANT,,,,,,,,,,,,
IMPORTANT, VALUE, COST, WORTH,,,,,,,,,
IMPOSSIBLE,,,,,,,,,,,,
IMPRESSED,,,,,,,,,,,,
IMPROVE,,,,,,,,,,,,
IN,,,,,,,,,,,,
IN-LAW,,,,,,,,,,,,
INCH,,,,,,,,,,,,
INCOMPETENT, NOT-GOOD-AT, INEPT,,,,,,,,,,
INCREASE,,,,,,,,,,,,
INDEXING- [THEM, THEY, THOSE, US, WE, YOU-ALL, THAT,,,,,,
INDIA,,,,,,,,,,,,
INDIAN,,,,,,,,,,,,
INFECTION,,,,,,,,,,,,
INHERIT,,,,,,,,,,,,
INK,,,,,,,,,,,,
INNOCENT,,,,,,,,,,,,
INSPIRATION, FIRE,,,,,,,,,,,
INSPIRE,,,,,,,,,,,,
INSTITUTE,,,,,,,,,,,,
INSTRUMENT,,,,,,,,,,,,
INSULT,,,,,,,,,,,,
INTEREST,,,,,,,,,,,,
INTERESTING,,,,,,,,,,,,
INTERNET,,,,,,,,,,,,
INTERPRETER,,,,,,,,,,,,
INTERRUPT, BOTHER,,,,,,,,,,,
INTERSECT, GRAPH,,,,,,,,,,,
INTERSECTION,,,,,,,,,,,,
INTERSECTION/CROSSROADS, CONFLICT PAGE,,,,,,,,,,,
INTERVIEW,,,,,,,,,,,,
INTRUDE,,,,,,,,,,,,
INVENT,,,,,,,,,,,,
INVEST,,,,,,,,,,,,
INVESTIGATE, RESEARCH, CHECK,,,,,,,,,,
INVISIBLE,,,,,,,,,,,,
INVOLVED,,,,,,,,,,,,
IRELAND,,,,,,,,,,,,
IS," HOW TO HANDLE """"BE VERBS""""",,,,,,,,,,,
ISH (-ISH),,,,,,,,,,,,
ISLAND,,,,,,,,,,,,
ISRAEL,,,,,,,,,,,,
ISSUES,,,,,,,,,,,,
IT,,,,,,,,,,,,
ITALY,,,,,,,,,,,,
ITCH,,,,,,,,,,,,
ITS," POSSESSION""",,,,,,,,,,,
JANITOR,,,,,,,,,,,,
JAPAN,,,,,,,,,,,,
JEALOUS,,,,,,,,,,,,
JEALOUS,,,,,,,,,,,,
JEHOVAH'S WITNESSES,,,,,,,,,,,,
JESUS,,,,,,,,,,,,
JEWISH,,,,,,,,,,,,
JOB, #JOB-(LEXICALIZED),,,,,,,,,,,
JOIN,,,,,,,,,,,,
JOKING,,,,,,,,,,,,
JUDGE, IF,,,,,,,,,,,
JUICE,,,,,,,,,,,,
JUMP,,,,,,,,,,,,
JUNIOR,,,,,,,,,,,,
"JUST""",,,,,,,,,,,,
KETCHUP,,,,,,,,,,,,
KEYBOARD,,,,,,,,,,,,
KEYS,,,,,,,,,,,,
KILL,,,,,,,,,,,,
KISS,,,,,,,,,,,,
KITCHEN,,,,,,,,,,,,
KITE,,,,,,,,,,,,
KITTEN,,,,,,,,,,,,
KNIFE,,,,,,,,,,,,
KNIT,,,,,,,,,,,,
KNOW, DON'T KNOW, KNOW-THAT, KNOW-NOTHING, FAMILIAR, AWARE,,,,,,,
KOALA,,,,,,,,,,,,
KOREA,,,,,,,,,,,,
"KWANZAA""",,,,,,,,,,,,
LAB,,,,,,,,,,,,
LABOR-DAY,,,,,,,,,,,,
LADY,,,,,,,,,,,,
LAID-OUT,,,,,,,,,,,,
LAME,,,,,,,,,,,,
LANGUAGE,,,,,,,,,,,,
LARGE, BIG,,,,,,,,,,,
LAST,,,,,,,,,,,,
LATE,,,,,,,,,,,,
LATER,,,,,,,,,,,,
LAUGH,,,,,,,,,,,,
LAUNDRY,,,,,,,,,,,,
LAW - [LEGAL, RULE, PRINCIPLE,,,,,,,,,,
LAWYER,,,,,,,,,,,,
LAY [ALSO SEE: CL:V,,,,,,,,,,,,
LAYER,,,,,,,,,,,,
LAZY,,,,,,,,,,,,
LEARN LEAP,,,,,,,,,,,,
LEAVE, DEPART LEAVE, LEAVE-BEHIND, ABANDON,,,,,,,,,
LEAVE-BEHIND, SEE: ABANDON,,,,,,,,,,,
LEBANON,,,,,,,,,,,,
LECTURE, SPEECH, TALK,,,,,,,,,,
LEFT, RIGHT,,,,,,,,,,,
LEG,,,,,,,,,,,,
LEMON,,,,,,,,,,,,
LESBIAN,,,,,,,,,,,,
LESSON, COURSE, LIST, MAKE-LIST,,,,,,,,,
LETTER,,,,,,,,,,,,
LETTER,,,,,,,,,,,,
LEXICALIZED SIGNS-WORKSHOP,,,,,,,,,,,,
LIBRARY, LIBRARY+ER,,,,,,,,,,,
LIE,,,,,,,,,,,,
LIE-DOWN,,,,,,,,,,,,
LIGHT, LAMP, LIGHTS-ON, LIGHTS-OFF, HEADLIGHTS, BRIGHT, LIGHT-A-MATCH, EMERGENCY VEHICLE, AMBULANCE,,,,
LIGHT-WEIGHT,,,,,,,,,,,,
LIKE ,,,,,,,,,,,,
LIME,,,,,,,,,,,,
LIMOUSINE,,,,,,,,,,,,
LINE OF WORK, MAIN,,,,,,,,,,,
LINGUISTICS,,,,,,,,,,,,
LINK,,,,,,,,,,,,
LION,,,,,,,,,,,,
LIPREAD,,,,,,,,,,,,
LIST,,,,,,,,,,,,
LITTLE, LITTLE-BIT,,,,,,,,,,,
LIVE, LIFE, ADDRESS,,,,,,,,,,
LLAMA,,,,,,,,,,,,
LOAN, BORROW, LEND, KEEP,,,,,,,,,
LOCAL,,,,,,,,,,,,
LOCATED-AT,,,,,,,,,,,,
LOCATIONS: [TOP, BOTTOM, SIDE, BENEATH,,,,,,,,,
LONELY,,,,,,,,,,,,
LONG,,,,,,,,,,,,
LONG-HAIR,,,,,,,,,,,,
"LONG: """"A LONG TIME AGO.""""",,,,,,,,,,,,
LOOK,,,,,,,,,,,,
LOOK [SEE: SEE,,,,,,,,,,,,
LOOK-AROUND,,,,,,,,,,,,
LOOK-AT-THAT,,,,,,,,,,,,
LOOK-LIKE,,,,,,,,,,,,
LOOK-UP,,,,,,,,,,,,
LOOKS,,,,,,,,,,,,
LOS ANGELES,,,,,,,,,,,,
LOSE,,,,,,,,,,,,
LOST,,,,,,,,,,,,
LOUD,,,,,,,,,,,,
LOUSY,,,,,,,,,,,,
LOVE (4),,,,,,,,,,,,
LOW,,,,,,,,,,,,
LUCK,,,,,,,,,,,,
"LUNCH""",,,,,,,,,,,,
MACHINE, FACTORY,,,,,,,,,,,
MAD, ANGRY,,,,,,,,,,,
MAGICIAN,,,,,,,,,,,,
MAGNET,,,,,,,,,,,,
MAIN, PROFESSION, MAJOR,,,,,,,,,,
MAJOR, MAIN,,,,,,,,,,,
MAKE,,,,,,,,,,,,
MAKE-OUT,,,,,,,,,,,,
MAN,,,,,,,,,,,,
MANAGER, ADMINISTRATION, RULE-OVER, REIGN,,,,,,,,,
MANY,,,,,,,,,,,,
MARRIAGE, HUSBAND, WIFE, MARRY, MARRIED, SPOUSE,,,,,,,
"MARRY: """"YOU MIND IF I MARRY YOUR DAUGHTER?""""",,,,,,,,,,,,
MARSHMALLOW,,,,,,,,,,,,
MATCH, ROOMMATE, COMBINE,,,,,,,,,,
MATH, ALGEBRA, CALCULUS, TRIGONOMETRY, GEOMETRY,,,,,,,,
MAYBE, MAY, MIGHT,,,,,,,,,,
MAYONNAISE,,,,,,,,,,,,
ME,,,,,,,,,,,,
MEAN-(MEANING), WHAT IS THE MEANING OF, PURPOSE (1),,,,,,,,,,
MEAN, CRUEL, PURPOSE,,,,,,,,,,
MEANING,,,,,,,,,,,,
MEASURE,,,,,,,,,,,,
MEASURE, ENGINEER,,,,,,,,,,,
MEAT, STEAK, BEEF, CONTEXT,,,,,,,,,
MECHANIC, WRENCH,,,,,,,,,,,
MEDICINE,,,,,,,,,,,,
MEET, MEET-YOU (1),,,,,,,,,,,
MEETING,,,,,,,,,,,,
MEMBER, CONGRESS, FACULTY, SENATE, STAFF,,,,,,,,
MEMBER,,,,,,,,,,,,
MEMORIAL DAY,,,,,,,,,,,,
MEMORIZE,,,,,,,,,,,,
METAL,,,,,,,,,,,,
METHOD,,,,,,,,,,,,
MEXICO,,,,,,,,,,,,
MICHIGAN,,,,,,,,,,,,
MICROPHONE,,,,,,,,,,,,
MICROWAVE,,,,,,,,,,,,
MIDDLE, CENTER,,,,,,,,,,,
MIDNIGHT,,,,,,,,,,,,
MILE,,,,,,,,,,,,
MILK,,,,,,,,,,,,
MINUS,,,,,,,,,,,,
MINUTE,,,,,,,,,,,,
MISCHIEVOUS, DEVIL,,,,,,,,,,,
MISS-(EMOTION),,,,,,,,,,,,
MISS-OUT, GUESS,,,,,,,,,,,
MISSIONARY, PREACHER, PASTOR,,,,,,,,,,
MISTAKE,,,,,,,,,,,,
MITTENS,,,,,,,,,,,,
MOCK,,,,,,,,,,,,
MOLE,,,,,,,,,,,,
MOM [GRANDMA,,,,,,,,,,,,
MONDAY,,,,,,,,,,,,
MONEY, BUY, PURCHASE, SHOPPING,,,,,,,,,
MONITOR,,,,,,,,,,,,
MONKEY,,,,,,,,,,,,
MONSTER,,,,,,,,,,,,
MONTH, MONTHLY, RENT, MONTH-NEXT,,,,,,,,,
MOON,,,,,,,,,,,,
MOOSE,,,,,,,,,,,,
MORE,,,,,,,,,,,,
MORNING, EVERY-MORNING, ALL-MORNING,,,,,,,,,,
MORON,,,,,,,,,,,,
MOSQUITO,,,,,,,,,,,,
MOST,,,,,,,,,,,,
MOTIVATE,,,,,,,,,,,,
MOTOR, MACHINE, ENGINE,,,,,,,,,,
MOTORCYCLE,,,,,,,,,,,,
MOUNTAIN,,,,,,,,,,,,
MOUSE,,,,,,,,,,,,
MOUSE_PAD,,,,,,,,,,,,
MOUTH,,,,,,,,,,,,
MOVE,,,,,,,,,,,,
MOVIE,,,,,,,,,,,,
MR.,,,,,,,,,,,,
MRS.,,,,,,,,,,,,
MS.,,,,,,,,,,,,
MUCH,,,,,,,,,,,,
MULTIPLY,,,,,,,,,,,,
MURDER,,,,,,,,,,,,
MUSIC, SONG, SING, SINGER, POETRY,,,,,,,,
MUST, NEED,,,,,,,,,,,
MUSTACHE,,,,,,,,,,,,
MUSTARD,,,,,,,,,,,,
"MUTE""",,,,,,,,,,,,
NAME, CALLED (1),,,,,,,,,,,
NATION,,,,,,,,,,,,
NATIVE-AMERICAN [INDIAN,,,,,,,,,,,,
NATURE,,,,,,,,,,,,
NEAR, CLOSE,,,,,,,,,,,
NECKLACE,,,,,,,,,,,,
NEED,,,,,,,,,,,,
NEED, MUST, HAVE-TO, SHOULD, OUGHT-TO,,,,,,,,
NEGATION [NOT, DON'T, REVERSAL OF ORIENTATION,,,,,,,,,,
NEGATIVE,,,,,,,,,,,,
NEIGHBOR- [NEXT-TO,,,,,,,,,,,,
NEPHEW,,,,,,,,,,,,
NERVOUS,,,,,,,,,,,,
NEVER,,,,,,,,,,,,
NEW,,,,,,,,,,,,
NEW ORLEANS,,,,,,,,,,,,
NEW YEAR'S DAY,,,,,,,,,,,,
NEW-YORK,,,,,,,,,,,,
NEWSPAPER,,,,,,,,,,,,
NEWSPAPER, PRINTER,,,,,,,,,,,
NEXT,,,,,,,,,,,,
NEXT-TO/BESIDE, NEIGHBOR,,,,,,,,,,,
NICE, CLEAN (1),,,,,,,,,,,
NIECE NIGHT, ALL-NIGHT, EVERY-NIGHT, EVENING,,,,,,,,,
NO,,,,,,,,,,,,
NO-GOOD, #NG-(LEXICALIZED),,,,,,,,,,,
NOBODY,,,,,,,,,,,,
NOISE,,,,,,,,,,,,
NONE,,,,,,,,,,,,
NONEXISTENT,,,,,,,,,,,,
NOON,,,,,,,,,,,,
NORMAL, OF-COURSE, NATURAL, ORDINARY,,,,,,,,,
NORTH,,,,,,,,,,,,
NOSE,,,,,,,,,,,,
NOT,,,,,,,,,,,,
NOT-MATTER,,,,,,,,,,,,
NOT-YET,,,,,,,,,,,,
NOTHING,,,,,,,,,,,,
NOTHING-TO-IT,,,,,,,,,,,,
NOTICE,,,,,,,,,,,,
NOUN,,,,,,,,,,,,
NOW, PRESENT,,,,,,,,,,,
NUMBER,,,,,,,,,,,,
NUMBERS,,,,,,,,,,,,
NUMERICAL- INCORPORATION,,,,,,,,,,,,
NURSE ALSO SEE:,,,,,,,,,,,,
"NURSING-HOME""",,,,,,,,,,,,
OBTRUSIVE,,,,,,,,,,,,
OCCUPY-WALL-STREET,,,,,,,,,,,,
OCEAN/SEA,,,,,,,,,,,,
OCTOPUS,,,,,,,,,,,,
ODD,,,,,,,,,,,,
OF,,,,,,,,,,,,
OFFICE,,,,,,,,,,,,
OFFICIAL,,,,,,,,,,,,
OFTEN,,,,,,,,,,,,
OH-GEE,,,,,,,,,,,,
OH-I-SEE,,,,,,,,,,,,
OKAY,,,,,,,,,,,,
OLD,,,,,,,,,,,,
OLYMPICS,,,,,,,,,,,,
ON/[OFF,,,,,,,,,,,,
ONCE,,,,,,,,,,,,
ONE-MORE,,,,,,,,,,,,
ONE: THE PERFECT ONEFOR ME,,,,,,,,,,,,
ONLY,SOMETHING,,,,,,,,,,,
OPEN,,,,,,,,,,,,
OPPOSITE, ACROSSFROM, ALLERGIC, AGREE, DISAGREE, STRUGGLE,,,,,,,
OR,,,,,,,,,,,,
ORANGE,,,,,,,,,,,,
ORDER,,,,,,,,,,,,
ORDER, ANSWER,,,,,,,,,,,
ORDINARY, REGULAR, NORMAL,,,,,,,,,,
ORGAN,,,,,,,,,,,,
OTHER,,,,,,,,,,,,
OUNCE,,,,,,,,,,,,
OUR, ALSO POSSESSION,,,,,,,,,,,
OUT - ALSO [IN,,,,,,,,,,,,
OUTSIDE,,,,,,,,,,,,
OVEN,,,,,,,,,,,,
OVER, ACROSS, CROSS,,,,,,,,,,
OWE, BILL, DUE, DEBT,,,,,,,,,
"OWL""",,,,,,,,,,,,
OWN,,,,,,,,,,,,
PAGE,,,,,,,,,,,,
PAIN,,,,,,,,,,,,
PAINTER, PAINT,,,,,,,,,,,
PAIR,,,,,,,,,,,,
PALE,,,,,,,,,,,,
PANCAKE,,,,,,,,,,,,
PANDA,,,,,,,,,,,,
PANTOMIME,,,,,,,,,,,,
PANTS,,,,,,,,,,,,
PAPER, PAGE, LOOK-UP, DICTIONARY,,,,,,,,,
PARAMEDIC,,,,,,,,,,,,
PARANOID,,,,,,,,,,,,
PARDON,,,,,,,,,,,,
PARENTS,,,,,,,,,,,,
PARK,,,,,,,,,,,,
PARK-CAR,,,,,,,,,,,,
PARKING PERMIT,,,,,,,,,,,,
PARKING- LOT,,,,,,,,,,,,
PARTY,,,,,,,,,,,,
PASS,,,,,,,,,,,,
PAST,,,,,,,,,,,,
PASTOR,,,,,,,,,,,,
PATIENT,,,,,,,,,,,,
PATRONIZE, FREQUENT,,,,,,,,,,,
PAY,,,,,,,,,,,,
PAY-ATTENTION, FOCUS, CONCENTRATE,,,,,,,,,,
PEACH,,,,,,,,,,,,
PEANUT-BUTTER,,,,,,,,,,,,
PEAR,,,,,,,,,,,,
PEAS,,,,,,,,,,,,
PENCIL, PEN, WRITE,,,,,,,,,,
PEOPLE,,,,,,,,,,,,
PEPPER,,,,,,,,,,,,
PEPPERONI,,,,,,,,,,,,
PEPSI,,,,,,,,,,,,
PERCENT,,,,,,,,,,,,
PERFECT-[EXACT,,,,,,,,,,,,
PERMANENT,,,,,,,,,,,,
PERMIT, ALLOW,,,,,,,,,,,
PERSON,,,,,,,,,,,,
PET,,,,,,,,,,,,
PHILADELPHIA,,,,,,,,,,,,
PHONE,,,,,,,,,,,,
PHOTOGRAPHY,,,,,,,,,,,,
PHYSICS,,,,,,,,,,,,
PICK-UP,,,,,,,,,,,,
PICKLE,,,,,,,,,,,,
PICTURE, PHOTOGRAPHER,,,,,,,,,,,
PIE,,,,,,,,,,,,
PIG,,,,,,,,,,,,
PIG-OUT,,,,,,,,,,,,
PILGRIM,,,,,,,,,,,,
PILL, TAKE-PILL,,,,,,,,,,,
PILLAR,,,,,,,,,,,,
PILOT,,,,,,,,,,,,
PINEAPPLE,,,,,,,,,,,,
PIPELINE,,,,,,,,,,,,
PITTSBURGH,,,,,,,,,,,,
PIZZA,,,,,,,,,,,,
PIZZA-(DEEP_DISH),,,,,,,,,,,,
PLACE, AREA,,,,,,,,,,,
PLACES,,,,,,,,,,,,
PLAID,,,,,,,,,,,,
PLAN,,,,,,,,,,,,
PLANT,,,,,,,,,,,,
PLATE, DISH,,,,,,,,,,,
PLAY-(TOYS, PARTY),,,,,,,,,,,
PLAY-CARDS, CARD, CHECK,,,,,,,,,,
PLEASE (1),,,,,,,,,,,,
PLEASURE (1),,,,,,,,,,,,
PLENTY, ENOUGH,,,,,,,,,,,
PLIERS,,,,,,,,,,,,
PLUG, PLUG-IN, UNPLUG,,,,,,,,,,
PLUS, POSITIVE,,,,,,,,,,,
POETRY,,,,,,,,,,,,
POINT,,,,,,,,,,,,
POINT-OF-VIEW,,,,,,,,,,,,
POLAND,,,,,,,,,,,,
POLE,,,,,,,,,,,,
POLICE, COP, SHERIFF, DETECTIVE,,,,,,,,,
POLITE,,,,,,,,,,,,
POOP,,,,,,,,,,,,
POP, SODA,,,,,,,,,,,
POPCORN,,,,,,,,,,,,
POSSESSION: [HAVE, OWN, HER, HIS, ITS, MINE, MY, OUR, THEIR, YOUR, YOURS,,
POSSIBLE,,,,,,,,,,,,
POST, PUT UP A POSTER, BULLETIN+BOARD,,,,,,,,,,
POST-OFFICE,,,,,,,,,,,,
POSTAL-WORKER,,,,,,,,,,,,
POSTPONE, PUT-OFF,,,,,,,,,,,
POTATO,,,,,,,,,,,,
POUND, LB, WEIGHT, WEIGH,,,,,,,,,
POUR,,,,,,,,,,,,
PRACTICE, TRAINING,,,,,,,,,,,
PRACTICE-WHAT-YOU-PREACH,,,,,,,,,,,,
PREACHER,,,,,,,,,,,,
PREFER,,,,,,,,,,,,
PREGNANT,,,,,,,,,,,,
PRESCRIPTION,,,,,,,,,,,,
PRESIDENT, SUPERINTENDENT,,,,,,,,,,,
PRESSURE, STRESS,,,,,,,,,,,
PRETTY, BEAUTIFUL, HANDSOME, GOOD LOOKING,,,,,,,,,
PRETZEL,,,,,,,,,,,,
PREVENT,,,,,,,,,,,,
PRIEST,,,,,,,,,,,,
PRINCIPAL,,,,,,,,,,,,
PRINCIPLE,,,,,,,,,,,,
PRINTER, NEWSPAPER, PUBLISH, NEWS,,,,,,,,,
PRIOR-TO,,,,,,,,,,,,
PRISON, JAIL, IN-JAIL,,,,,,,,,,
PROBLEM,,,,,,,,,,,,
PROCEED, GO-AHEAD-WITH, GET-ALONG, GO-ON,,,,,,,,,
PROFESSION OR PROFESSIONAL, MAIN,,,,,,,,,,,
PROGRAM,,,,,,,,,,,,
PROMISE,,,,,,,,,,,,
PRONOMINALIZATION AND INDEXING: [IT, HE, ME, SHE, HIM, HER, THIS, YOU,,,,,
PROOF,,,,,,,,,,,,
PROUD,,,,,,,,,,,,
PSYCHOLOGY,,,,,,,,,,,,
PUDDING,,,,,,,,,,,,
PULL,,,,,,,,,,,,
PUMPKIN,,,,,,,,,,,,
PUNCH,,,,,,,,,,,,
PURPLE,,,,,,,,,,,,
PURPOSE,,,,,,,,,,,,
PURSE,,,,,,,,,,,,
PUSH,,,,,,,,,,,,
PUT, PUT-ON, PUT-AWAY, MOVE,,,,,,,,,
PUT-DOWN,,,,,,,,,,,,
"PUZZLE""",,,,,,,,,,,,
QUESTION-MARK,,,,,,,,,,,,
QUICK,,,,,,,,,,,,
QUIET,,,,,,,,,,,,
QUIT, JOIN, PARTICIPATE,,,,,,,,,,
QUIZ,,,,,,,,,,,,
"QUOTE""",,,,,,,,,,,,
RABBIT,,,,,,,,,,,,
RACCOON,,,,,,,,,,,,
RACE, COMPETE,,,,,,,,,,,
RACE/COMPETE, WITH,,,,,,,,,,,
RADIATE,,,,,,,,,,,,
RAIN,,,,,,,,,,,,
RAISED, GROW-UP,,,,,,,,,,,
RAT,,,,,,,,,,,,
READ,,,,,,,,,,,,
READY,,,,,,,,,,,,
REAL,,,,,,,,,,,,
REALIZE, REASON,,,,,,,,,,,
REALLY,,,,,,,,,,,,
REASON, REALIZE,,,,,,,,,,,
REBEL,,,,,,,,,,,,
RECENT,,,,,,,,,,,,
RECIPE,,,,,,,,,,,,
RECORD,,,,,,,,,,,,
RECOVERY,,,,,,,,,,,,
RED,,,,,,,,,,,,
REFRIGERATOR,,,,,,,,,,,,
REGISTER,,,,,,,,,,,,
REGULAR, ORDINARY,RIGHTEOUS,,,,,,,,,,
REJECT,,,,,,,,,,,,
RELATIONSHIP,,,,,,,,,,,,
RELIEVE, SATISFIED,,,,,,,,,,,
RELIEVED,,,,,,,,,,,,
REMEMBER,,,,,,,,,,,,
REPLACE, SEETRADE,,,,,,,,,,,
REQUEST,,,,,,,,,,,,
RESEARCH,,,,,,,,,,,,
RESERVE/RESERVATION, APPOINTMENT,,,,,,,,,,,
RESIDENTIAL-(GENERAL),,,,,,,,,,,,
RESIDENTIAL-SCHOOL-FOR-THE-DEAF,,,,,,,,,,,,
RESPECT,,,,,,,,,,,,
RESPONSIBLE,,,,,,,,,,,,
RESPONSIBLE, FAULT,,,,,,,,,,,
REST, RELAX,,,,,,,,,,,
RESTAURANT,,,,,,,,,,,,
RESTROOM,,,,,,,,,,,,
RESULT,,,,,,,,,,,,
RESUME,,,,,,,,,,,,
RETIRE,,,,,,,,,,,,
REUNION,,,,,,,,,,,,
REVIEW,,,,,,,,,,,,
RICE,,,,,,,,,,,,
RIDE-ON/IN,,,,,,,,,,,,
RIGHT, ALRIGHT, RIGHT-(DIRECTION), RIGHT-(CORRECT), RIGHTS-(SOCIETAL),,,,,,,,
RINGING,,,,,,,,,,,,
RIVER,,,,,,,,,,,,
ROAD,,,,,,,,,,,,
ROBOT,,,,,,,,,,,,
ROCK,,,,,,,,,,,,
ROCKET,,,,,,,,,,,,
RODEO,,,,,,,,,,,,
ROLLER-BLADE, ICE-SKATE,ROLLER-SKATE,,,,,,,,,,
ROOF,,,,,,,,,,,,
ROOM,,,,,,,,,,,,
ROOMMATE,,,,,,,,,,,,
ROOSTER,,,,,,,,,,,,
ROOT BEER,,,,,,,,,,,,
ROW,,,,,,,,,,,,
RUBBER,,,,,,,,,,,,
RUDE,,,,,,,,,,,,
RUIN, SPOIL,,,,,,,,,,,
RULE,,,,,,,,,,,,
RULE, LAW,,,,,,,,,,,
RUN, ...,,,,,,,,,,,
RURAL (COUNTRY),,,,,,,,,,,,
"RUSSIA""",,,,,,,,,,,,
S E X,,,,,,,,,,,,
SALAD,,,,,,,,,,,,
SALESPERSON,,,,,,,,,,,,
SALT,,,,,,,,,,,,
SAME:, ME-SAME-AS-YOU, ME-TOO, SIMILAR,,,,,,,,,
SAND,,,,,,,,,,,,
SANDWICH,,,,,,,,,,,,
SANTA CLAUS,,,,,,,,,,,,
SATISFIED,,,,,,,,,,,,
SATURDAY,,,,,,,,,,,,
SAVE,,,,,,,,,,,,
SAW,,,,,,,,,,,,
SAY,,,,,,,,,,,,
SCADS,,,,,,,,,,,,
SCAN,,,,,,,,,,,,
SCAR,,,,,,,,,,,,
SCARECROW,,,,,,,,,,,,
SCARED, AFRAID,,,,,,,,,,,
SCARF,,,,,,,,,,,,
SCHEDULE,,,,,,,,,,,,
SCHOOL, ACADEMIC,,,,,,,,,,,
SCIENTIST,,,,,,,,,,,,
SCISSORS,,,,,,,,,,,,
SCOOTER,,,,,,,,,,,,
SCORPION,,,,,,,,,,,,
SCOTLAND,,,,,,,,,,,,
SCREWDRIVER,,,,,,,,,,,,
SCUBA,,,,,,,,,,,,
SEA-HORSE,,,,,,,,,,,,
SEARCH, LOOK FOR, EXAMINE SEEK,,,,,,,,,,
SEASON,,,,,,,,,,,,
SEASONING,,,,,,,,,,,,
SECOND,,,,,,,,,,,,
SECOND-HAND,,,,,,,,,,,,
SECRET,,,,,,,,,,,,
SECRETARY,,,,,,,,,,,,
SEE, LOOK-AT, WATCH, LET'S-SEE,,,,,,,,,
SEED,,,,,,,,,,,,
SEEK,,,,,,,,,,,,
SEEM,,,,,,,,,,,,
SEIZE, TAKE-OVER, ARREST,,,,,,,,,,
SEIZURE,,,,,,,,,,,,
SELF,,,,,,,,,,,,
SELF-STUDY,,,,,,,,,,,,
SEND, MAIL,,,,,,,,,,,
SENIOR,,,,,,,,,,,,
SENSE ,,,,,,,,,,,,
SENTENCE,,,,,,,,,,,,
SEPARATE, APART,,,,,,,,,,,
SERENDIPITY ,,,,,,,,,,,,
SERENITY ,,,,,,,,,,,,
SERIOUS,,,,,,,,,,,,
SERVICE,,,,,,,,,,,,
"SET OR """"SET UP)¬† SEE",,,,,,,,,,,,
SEVERAL,,,,,,,,,,,,
SEW,,,,,,,,,,,,
SHAPE,,,,,,,,,,,,
SHARE,,,,,,,,,,,,
SHARK,,,,,,,,,,,,
SHAVE,,,,,,,,,,,,
SHE,,,,,,,,,,,,
SHEEP,,,,,,,,,,,,
SHELF, CL:B,,,,,,,,,,,
SHHH!,,,,,,,,,,,,
SHINE,,,,,,,,,,,,
SHIRT, BLOUSE,,,,,,,,,,,
SHOCKED,,,,,,,,,,,,
SHOES,,,,,,,,,,,,
SHOPPING, MONEY,,,,,,,,,,,
SHORT, SHORT-STATURE, SHORT-DURATION, SHORT-SLEEVE,,,,,,,,,
SHORT-HAIR,,,,,,,,,,,,
SHORTCOMINGS,,,,,,,,,,,,
SHOULD, NEED,,,,,,,,,,,
SHOW, EXAMPLE, DEMONSTRATE,,,,,,,,,,
SHOW-UP, APPEAR, DISAPPEAR, VANISH,,,,,,,,,
SHOWER,,,,,,,,,,,,
SHUT-DOWN, POWER-OUTAGE, POWER-OFF, TURN-OFF, BLOW-OUT,,,,,,,,
SHUT-UP,,,,,,,,,,,,
SHY,,,,,,,,,,,,
SICK,,,,,,,,,,,,
SIDE, LOCATIONS,,,,,,,,,,,
SIDEWALK,,,,,,,,,,,,
SIGN,,,,,,,,,,,,
SIGN (STREET)-(STREET SIGN),,,,,,,,,,,,
SIGN, SIGN LANGUAGE, SIGNING (1),,,,,,,,,,
SILLY,,,,,,,,,,,,
SIMPLE,,,,,,,,,,,,
SINCE,,,,,,,,,,,,
SINGER,,,,,,,,,,,,
SINGLE,,,,,,,,,,,,
SINK,,,,,,,,,,,,
SIR,,,,,,,,,,,,
SISTER [GIRL, FEMALE,,,,,,,,,,,
SIT,,,,,,,,,,,,
SKATEBOARDING,,,,,,,,,,,,
SKATING, ICE-SKATING, ROLLERBLADING,,,,,,,,,,
SKI,,,,,,,,,,,,
SKILL, GOOD-AT, TALENT, EXPERT,,,,,,,,,
SKIN,,,,,,,,,,,,
SKINNED,,,,,,,,,,,,
SKINNY,,,,,,,,,,,,
SKIRT,,,,,,,,,,,,
SKUNK,,,,,,,,,,,,
SKY,,,,,,,,,,,,
SKYSCRAPER,,,,,,,,,,,,
SLEEP, SLEEPY, OVER-SLEEP, SUNRISE,,,,,,,,,
SLIDE,,,,,,,,,,,,
SLIPPED,,,,,,,,,,,,
SLIPPED-MY-MIND,,,,,,,,,,,,
SLOPPY,,,,,,,,,,,,
SLOW,,,,,,,,,,,,
SMALL,,,,,,,,,,,,
SMART,,,,,,,,,,,,
SMELL,,,,,,,,,,,,
SMOKE,,,,,,,,,,,,
SMOOTH,,,,,,,,,,,,
SNACK,,,,,,,,,,,,
SNAKE,,,,,,,,,,,,
SNOB,,,,,,,,,,,,
SNOW,,,,,,,,,,,,
SNOWBOARD,,,,,,,,,,,,
SO,,,,,,,,,,,,
SO-SO, SORT-OF,,,,,,,,,,,
SOAP,,,,,,,,,,,,
SOCCER,,,,,,,,,,,,
SOCIOPATH,,,,,,,,,,,,
SOCKS,,,,,,,,,,,,
SOFT, WET, HUMID,,,,,,,,,,
SOFTBALL,,,,,,,,,,,,
SOFTWARE,,,,,,,,,,,,
SOME,,,,,,,,,,,,
SOMEDAY,,,,,,,,,,,,
SOMEONE,,,,,,,,,,,,
SOMETHING,,,,,,,,,,,,
SOMETIMES,,,,,,,,,,,,
SON ALSO [BABY,,,,,,,,,,,,
SOON,,,,,,,,,,,,
SOPHOMORE,,,,,,,,,,,,
SORE-THROAT,,,,,,,,,,,,
SORRY, APOLOGIZE, REGRET,,,,,,,,,,
SOUND, HEAR,,,,,,,,,,,
SOUP,,,,,,,,,,,,
SOUTH,,,,,,,,,,,,
SPAGHETTI,,,,,,,,,,,,
SPAIN,,,,,,,,,,,,
SPANISH,,,,,,,,,,,,
SPARKLE,,,,,,,,,,,,
SPECIALIZE,,,,,,,,,,,,
SPEECH-IMPAIRED,,,,,,,,,,,,
SPELL,,,,,,,,,,,,
SPEND,,,,,,,,,,,,
SPEND, FEED,,,,,,,,,,,
SPIDER,,,,,,,,,,,,
SPILL/SPREAD,,,,,,,,,,,,
SPINE,,,,,,,,,,,,
SPIRIT / SOUL / SPIRITUAL / GHOST,,,,,,,,,,,,
SPIT,,,,,,,,,,,,
SPOIL, RUIN,,,,,,,,,,,
SPOON, SOUP},,,,,,,,,,,
SPRING, GROW, PLANT, BUSH,,,,,,,,,
SQUARE, SIGN, BLACK+BOARD, PERIMETER,,,,,,,,,
SQUASH,,,,,,,,,,,,
SQUIRREL,,,,,,,,,,,,
STAGE,,,,,,,,,,,,
STAIRS,,,,,,,,,,,,
STAND [ALSO CL:V,,,,,,,,,,,,
STAR,,,,,,,,,,,,
START, BEGIN, INITIATE,,,,,,,,,,
STATE,,,,,,,,,,,,
STATIONERY,,,,,,,,,,,,
STAY,,,,,,,,,,,,
STEAL,,,,,,,,,,,,
STEPFATHER,,,,,,,,,,,,
STEPMOTHER,,,,,,,,,,,,
STILL,,,,,,,,,,,,
STING,,,,,,,,,,,,
STINK,,,,,,,,,,,,
STOMACH,,,,,,,,,,,,
STOP (4),,,,,,,,,,,,
STORAGE,,,,,,,,,,,,
STORE,,,,,,,,,,,,
STORM,,,,,,,,,,,,
STOVE,,,,,,,,,,,,
STOVE,,,,,,,,,,,,
STRAIGHT,,,,,,,,,,,,
STRAIGHT-HAIR,,,,,,,,,,,,
STRANGE,,,,,,,,,,,,
STRAWBERRY,,,,,,,,,,,,
STREET,,,,,,,,,,,,
STRICT,,,,,,,,,,,,
STRIPES,,,,,,,,,,,,
STROKE,,,,,,,,,,,,
STRONG, WELL, BRAVE, COURAGEOUS, RECOVER,,,,,,,,
STRUGGLE,,,,,,,,,,,,
STRUGGLE, OPPOSITE,,,,,,,,,,,
STUBBORN , DONKEY,,,,,,,,,,,
STUCK,,,,,,,,,,,,
STUCK-UP,,,,,,,,,,,,
STUDENT,,,,,,,,,,,,
STUDY,,,,,,,,,,,,
STUPID, DUMB,,,,,,,,,,,
SUBORDINATE, WITH,,,,,,,,,,,
SUBSCRIBE, GET-REGULARLY, SSI, WELFARE,,,,,,,,,
SUBTRACT,,,,,,,,,,,,
SUBWAY,,,,,,,,,,,,
SUCCEED, FINALLY, SUCCESS, FAMOUS, PAH!,,,,,,,,
SUGAR, CUTE,,,,,,,,,,,
SUGGEST, OFFER, PROPOSE,,,,,,,,,,
SUITCASE,,,,,,,,,,,,
SUMMER,,,,,,,,,,,,
SUN,,,,,,,,,,,,
SUNDAY,,,,,,,,,,,,
SUNRISE,,,,,,,,,,,,
SUPERVISOR,,,,,,,,,,,,
SUPPORT, PRO, LOYAL,,,,,,,,,,
SUPPOSE, IDEA,,,,,,,,,,,
SURE, TRUE,,,,,,,,,,,
SURF,,,,,,,,,,,,
SURGERY,,,,,,,,,,,,
SURPRISE,,,,,,,,,,,,
SUSPECT,,,,,,,,,,,,
SWEEP,,,,,,,,,,,,
SWEET,,,,,,,,,,,,
SWEETHEART,,,,,,,,,,,,
SWIM,,,,,,,,,,,,
SWING,,,,,,,,,,,,
SYMBOL,,,,,,,,,,,,
SYMPATHY [POOR-BABY, SYMPATHIZE-WITH, GRACE," COMPASSION""",,,,,,,,,
TABLESPOON,,,,,,,,,,,,
TAKE,,,,,,,,,,,,
TAKE-AWAY,,,,,,,,,,,,
TAKE-CARE-OF,,,,,,,,,,,,
TAKE-EASY,,,,,,,,,,,,
TAKE-TURNS,,,,,,,,,,,,
TALENT,,,,,,,,,,,,
TALK,,,,,,,,,,,,
TALK-TO-YOURSELF-(HERMIT),,,,,,,,,,,,
TALK-WITH,,,,,,,,,,,,
TALL,,,,,,,,,,,,
TAPE,,,,,,,,,,,,
TASTE,,,,,,,,,,,,
TATTLE/SQUEAL,,,,,,,,,,,,
TEA,,,,,,,,,,,,
TEACHER [TEACH, AGENT, -ER, PROFESSOR, EDUCATE,,,,,,,,
TEAM, FAMILY,,,,,,,,,,,
TEASE,,,,,,,,,,,,
TEASPOON,,,,,,,,,,,,
TECHNICAL, METHOD, TECHNIQUE,,,,,,,,,,
TECHNOLOGY,,,,,,,,,,,,
TEENAGER,,,,,,,,,,,,
TEETH,,,,,,,,,,,,
TELEPHONE,,,,,,,,,,,,
TELEVISION,,,,,,,,,,,,
TELL,,,,,,,,,,,,
TELLER-FS,,,,,,,,,,,,
TEMPERATURE,,,,,,,,,,,,
TEMPLE,,,,,,,,,,,,
TEMPTATION,,,,,,,,,,,,
TEND-TO,,,,,,,,,,,,
TERRIBLE,,,,,,,,,,,,
TERRORIST,,,,,,,,,,,,
TEST,,,,,,,,,,,,
TEST, EXAM, QUIZ,,,,,,,,,,
TEXAS,,,,,,,,,,,,
THAN,,,,,,,,,,,,
THANK-YOU [GOOD (1),,,,,,,,,,,,
THANKSGIVING,,,,,,,,,,,,
THAT,,,,,,,,,,,,
THAT, INDEXING,,,,,,,,,,,
THAT'S-LIFE, #TL-(LEXICALIZED),,,,,,,,,,,
THE,,,,,,,,,,,,
THEATER, ACT, ACTOR, DRAMA, PLAY, SHOW,,,,,,,
THEIR,,,,,,,,,,,,
THEIR, POSSESSION,,,,,,,,,,,
THERE,,,,,,,,,,,,
THEREABOUTS,,,,,,,,,,,,
THEY,,,,,,,,,,,,
THICK,,,,,,,,,,,,
THIEF,,,,,,,,,,,,
THIN, CL:G,,,,,,,,,,,
THING,,,,,,,,,,,,
THINK, BRAIN, MIND, THINK-ABOUT, WONDER,,,,,,,,
THINK-SAME, AGREE,,,,,,,,,,,
THIRSTY, CRAVE,,,,,,,,,,,
THIS,,,,,,,,,,,,
THORN,,,,,,,,,,,,
THREE,,,,,,,,,,,,
THROAT,,,,,,,,,,,,
THRONE,,,,,,,,,,,,
THROUGH,,,,,,,,,,,,
THROW, THROW-AWAY,,,,,,,,,,,
THUMB-DOWN [THUMBS-DOWN,,,,,,,,,,,,
THURSDAY,,,,,,,,,,,,
TICKET, GIVE-TICKET,,,,,,,,,,,
TICKLE,,,,,,,,,,,,
TIE,,,,,,,,,,,,
TIGER,,,,,,,,,,,,
"TIME_""""FROM_TIME_TO_TIME""""",,,,,,,,,,,,
"TIME_""""TIME-PERIOD""""",,,,,,,,,,,,
TIME, GENERAL,,,,,,,,,,,
TIMES (MULTIPLY),,,,,,,,,,,,
TIRED, EXHAUSTED,,,,,,,,,,,
TITLE, QUOTE,,,,,,,,,,,
TO,,,,,,,,,,,,
TOAST,,,,,,,,,,,,
TODAY,,,,,,,,,,,,
TOGETHER, WITH,,,,,,,,,,,
TOILET,,,,,,,,,,,,
TOMORROW, DAILY, EVERYDAY,,,,,,,,,,
TOOL,,,,,,,,,,,,
TOOTH,,,,,,,,,,,,
TOOTHPASTE,,,,,,,,,,,,
TOP, LOCATIONS,,,,,,,,,,,
TOPIC,,,,,,,,,,,,
TOTAL, SUM,,,,,,,,,,,
TOUCH, DWELL-ON,,,,,,,,,,,
TOUGH,,,,,,,,,,,,
TOWEL,,,,,,,,,,,,
TOY,,,,,,,,,,,,
TRADE, REPLACE, EXCHANGE,,,,,,,,,,
TRAFFIC,,,,,,,,,,,,
TRAIN,,,,,,,,,,,,
TRAIN-GONE,,,,,,,,,,,,
TRAINING, PRACTICE,,,,,,,,,,,
TRANSFER, SWITCH-OVER,,,,,,,,,,,
TRAVEL, TRIP,,,,,,,,,,,
TREAT,,,,,,,,,,,,
TREE, PARK, FOREST,,,,,,,,,,
TRIAL,,,,,,,,,,,,
TRICK-OR-TREAT,,,,,,,,,,,,
TRIP, TRAVEL,,,,,,,,,,,
TRUCK,,,,,,,,,,,,
TRUE, SURE, REALLY, REAL,,,,,,,,,
TRY,,,,,,,,,,,,
TTY, TELETYPEWRITER,,,,,,,,,,,
TUESDAY,,,,,,,,,,,,
TURKEY,,,,,,,,,,,,
TURN, TURN-ON, TURN-OF, KNOB/SWITCH,,,,,,,,,
TURN-TAKING-ALTERNATING,,,,,,,,,,,,
TURTLE,,,,,,,,,,,,
TV,,,,,,,,,,,,
TWO,,,,,,,,,,,,
TYPE, KEYBOARD," TYPEWRITER""",,,,,,,,,,
UMBRELLA,,,,,,,,,,,,
UNCLE (4)UNDERESTIMATE UNDERSTAND (1),,,,,,,,,,,,
UNDERWEAR,,,,,,,,,,,,
UNICORN,,,,,,,,,,,,
UP,,,,,,,,,,,,
UP, UPSTAIRS,,,,,,,,,,,
UP-TO-NOW,,,,,,,,,,,,
UPSET,,,,,,,,,,,,
URINATE,,,,,,,,,,,,
USB_DRIVE,,,,,,,,,,,,
USE,,,,,,,,,,,,
USED-(SECOND_HAND),,,,,,,,,,,,
"UTAH""",,,,,,,,,,,,
VACUUM,,,,,,,,,,,,
VARIOUS,,,,,,,,,,,,
VEGETABLE,,,,,,,,,,,,
VEGETARIAN,,,,,,,,,,,,
VERY,,,,,,,,,,,,
VET,,,,,,,,,,,,
VETERAN,,,,,,,,,,,,
VICE-PRESIDENT,,,,,,,,,,,,
VIDEO,,,,,,,,,,,,
WAGON, DISCUSSION,,,,,,,,,,,
WAIST,,,,,,,,,,,,
WAIT,,,,,,,,,,,,
WAITER/WAITRESS, SERVE, SERVANT,,,,,,,,,,
WAKE-UP,,,,,,,,,,,,
WAKE-UP, SURPRISE,,,,,,,,,,,
WALK-TO, WALK,,,,,,,,,,,
WALL,,,,,,,,,,,,
WALL, CL:B,,,,,,,,,,,
WANT, DON'T-WANT, DESIRE(4),,,,,,,,,,
WARM,,,,,,,,,,,,
WARN/CAUTION,,,,,,,,,,,,
WAS,,,,,,,,,,,,
WASH (4),,,,,,,,,,,,
WASH-DISHES,,,,,,,,,,,,
WASHING-MACHINE,,,,,,,,,,,,
WASHINGTON,,,,,,,,,,,,
WASHINGTON-DC,,,,,,,,,,,,
WATCH,,,,,,,,,,,,
WATCH, WRISTWATCH, BRACELET,,,,,,,,,,
WATER,,,,,,,,,,,,
WATER-FOUNTAIN,,,,,,,,,,,,
WAVE-NO,,,,,,,,,,,,
WAY,,,,,,,,,,,,
WAY, HALL, STREET, ROAD, AVENUE,,,,,,,,
WE,,,,,,,,,,,,
WE/US, INDEXING,,,,,,,,,,,
WEAK, VULNERABLE,,,,,,,,,,,
WEAR-OUT, BURNOUT, FALL-APART,,,,,,,,,,
WEATHER, WIND, BREEZE,,,,,,,,,,
WEB,,,,,,,,,,,,
WEBCAM,,,,,,,,,,,,
WEDNESDAY,,,,,,,,,,,,
WEEK,,,,,,,,,,,,
WEEK-(ADVANCED),,,,,,,,,,,,
WEEK-NEXT,,,,,,,,,,,,
WEEKEND,,,,,,,,,,,,
WEIGH,,,,,,,,,,,,
WELCOME,,,,,,,,,,,,
WELD, WELDER,,,,,,,,,,,
WERE,,,,,,,,,,,,
WEST,,,,,,,,,,,,
WET-WIPES,,,,,,,,,,,,
WHALE,,,,,,,,,,,,
WHAT,,,,,,,,,,,,
WHAT-DO,,,,,,,,,,,,
WHAT-KIND, TYPE, STYLE,,,,,,,,,,
WHEN,,,,,,,,,,,,
WHERE,,,,,,,,,,,,
WHICH,,,,,,,,,,,,
WHISPER,,,,,,,,,,,,
WHITE,,,,,,,,,,,,
WHITE-PERSON,,,,,,,,,,,,
WHO WHY,,,,,,,,,,,,
WICCA,,,,,,,,,,,,
WIDOW,,,,,,,,,,,,
WIFE,,,,,,,,,,,,
WILDERNESS,,,,,,,,,,,,
WILL, FUTURE,,,,,,,,,,,
WIN,,,,,,,,,,,,
WIND,,,,,,,,,,,,
WINDOW, OPEN-WINDOW, CLOSE-WINDOW,,,,,,,,,,
WINE, BEER,,,,,,,,,,,
WINTER,,,,,,,,,,,,
WISH,,,,,,,,,,,,
WITCH,,,,,,,,,,,,
WITH,,,,,,,,,,,,
WITH- ADVANCED DISCUSSION: [IN-FRONT-OF, BEHIND, FOLLOW, CATCH-UP, CHASE, FALL-BEHIND, ACCOMPANY, TOGETHER, GO-WITH, GO-STEADY, RACE, COMPETE, SUBORDINATE
WITHOUT,,,,,,,,,,,,
WOLF,,,,,,,,,,,,
WOLF-DOWN,,,,,,,,,,,,
WOMAN,,,,,,,,,,,,
WOMB,,,,,,,,,,,,
WON'T, REFUSE,,,,,,,,,,,
WONDER, THINK,,,,,,,,,,,
WONDERFUL,,,,,,,,,,,,
WOOD,,,,,,,,,,,,
WORD,,,,,,,,,,,,
WORK,,,,,,,,,,,,
WORLD,,,,,,,,,,,,
WORLD WIDE WEB,,,,,,,,,,,,
WORM,,,,,,,,,,,,
WORRY,,,,,,,,,,,,
WORSE, FIGURE, TIMES,,,,,,,,,,
WOULD,,,,,,,,,,,,
WOW,,,,,,,,,,,,
WRITE,,,,,,,,,,,,
WRONG,,,,,,,,,,,,
WWW,,,,,,,,,,,,
"WYOMING""",,,,,,,,,,,,
"YEAR-""""3 YEARS AGO""""",,,,,,,,,,,,
YELL,,,,,,,,,,,,
YELLOW,,,,,,,,,,,,
YES/NO,,,,,,,,,,,,
YESTERDAY,,,,,,,,,,,,
YOGURT,,,,,,,,,,,,
YOU, INDEXING,,,,,,,,,,,
YOUNG,,,,,,,,,,,,
"YOUR [ALSO POSSESSION""",,,,,,,,,,,,
ZERO,,,,,,,,,,,,
ZILCH ZIP,,,,,,,,,,,,
"ZOMBIE ZZ""",,,,,,,,,,,,
